idUser,Gender,AgeGroup,UserYear
U100001,남성,40대,2020
U100001,남성,40대,2021
U100002,여성,30대,2020
U100002,여성,30대,2021
U100003,남성,30대,2020
U100003,남성,30대,2021
U100004,남성,30대,2020
U100004,남성,30대,2021
U100005,여성,30대,2020
U100005,여성,30대,2021
U100006,남성,10대,2020
U100006,남성,10대,2021
U100007,여성,20대,2020
U100007,여성,20대,2021
U100008,남성,30대,2020
U100008,남성,30대,2021
U100009,여성,40대,2020
U100009,여성,40대,2021
U100010,여성,30대,2020
U100010,여성,30대,2021
U100011,남성,20대,2020
U100011,남성,20대,2021
U100012,남성,30대,2020
U100012,남성,30대,2021
U100013,남성,60대이상,2020
U100013,남성,60대이상,2021
U100014,남성,40대,2020
U100014,남성,40대,2021
U100015,남성,50대,2020
U100015,남성,50대,2021
U100016,남성,30대,2020
U100016,남성,30대,2021
U100017,남성,40대,2020
U100017,남성,40대,2021
U100018,남성,10대,2020
U100018,남성,10대,2021
U100019,남성,30대,2020
U100019,남성,30대,2021
U100020,남성,40대,2021
U100021,남성,20대,2020
U100021,남성,20대,2021
U100022,남성,30대,2020
U100022,남성,30대,2021
U100023,남성,20대,2020
U100023,남성,20대,2021
U100024,여성,30대,2020
U100024,여성,30대,2021
U100025,남성,40대,2020
U100025,남성,40대,2021
U100026,남성,30대,2020
U100026,남성,30대,2021
U100027,남성,30대,2020
U100027,남성,30대,2021
U100028,남성,10대,2020
U100028,남성,10대,2021
U100029,여성,30대,2020
U100029,여성,30대,2021
U100030,남성,20대,2020
U100030,남성,20대,2021
U100031,남성,30대,2020
U100031,남성,30대,2021
U100032,남성,40대,2020
U100032,남성,40대,2021
U100033,여성,20대,2020
U100033,여성,20대,2021
U100034,남성,30대,2020
U100034,남성,30대,2021
U100035,남성,30대,2020
U100035,남성,30대,2021
U100036,여성,30대,2020
U100036,여성,30대,2021
U100037,남성,30대,2020
U100037,남성,30대,2021
U100038,남성,10대,2020
U100038,남성,10대,2021
U100039,남성,30대,2020
U100039,남성,30대,2021
U100040,남성,10대,2020
U100040,남성,10대,2021
U100041,남성,40대,2020
U100041,남성,40대,2021
U100042,남성,30대,2020
U100042,남성,30대,2021
U100043,여성,30대,2020
U100043,여성,30대,2021
U100044,남성,40대,2020
U100044,남성,40대,2021
U100045,남성,40대,2020
U100045,남성,40대,2021
U100046,남성,10대,2020
U100046,남성,10대,2021
U100047,남성,30대,2020
U100047,남성,30대,2021
U100048,남성,30대,2020
U100048,남성,30대,2021
U100049,남성,50대,2020
U100049,남성,50대,2021
U100050,남성,50대,2020
U100050,남성,50대,2021
U100051,남성,20대,2020
U100051,남성,20대,2021
U100052,여성,20대,2020
U100052,여성,20대,2021
U100053,남성,30대,2020
U100053,남성,30대,2021
U100054,여성,50대,2020
U100054,여성,50대,2021
U100055,남성,40대,2020
U100055,남성,40대,2021
U100056,여성,30대,2020
U100056,여성,30대,2021
U100057,남성,40대,2020
U100057,남성,40대,2021
U100058,여성,50대,2020
U100058,여성,50대,2021
U100059,남성,20대,2020
U100059,남성,20대,2021
U100060,여성,20대,2020
U100060,여성,20대,2021
U100061,남성,20대,2020
U100061,남성,20대,2021
U100062,여성,20대,2020
U100062,여성,20대,2021
U100063,여성,30대,2020
U100063,여성,30대,2021
U100064,남성,30대,2020
U100064,남성,30대,2021
U100065,남성,40대,2020
U100065,남성,40대,2021
U100066,여성,60대이상,2021
U100067,남성,10대,2020
U100067,남성,10대,2021
U100068,남성,30대,2020
U100068,남성,30대,2021
U100069,남성,20대,2020
U100069,남성,20대,2021
U100070,여성,40대,2020
U100070,여성,40대,2021
U100071,남성,40대,2020
U100071,남성,40대,2021
U100072,남성,30대,2020
U100072,남성,30대,2021
U100073,남성,20대,2021
U100074,남성,30대,2020
U100074,남성,30대,2021
U100075,여성,30대,2020
U100075,여성,30대,2021
U100076,남성,50대,2020
U100076,남성,50대,2021
U100077,여성,40대,2020
U100077,여성,40대,2021
U100078,남성,50대,2020
U100078,남성,50대,2021
U100079,남성,40대,2020
U100079,남성,40대,2021
U100080,남성,30대,2020
U100080,남성,30대,2021
U100081,남성,30대,2020
U100081,남성,30대,2021
U100082,남성,50대,2020
U100082,남성,50대,2021
U100083,여성,50대,2020
U100083,여성,50대,2021
U100084,여성,20대,2020
U100084,여성,20대,2021
U100085,남성,30대,2020
U100085,남성,30대,2021
U100086,남성,20대,2020
U100086,남성,20대,2021
U100087,여성,50대,2020
U100087,여성,50대,2021
U100088,남성,40대,2020
U100088,남성,40대,2021
U100089,남성,10대,2020
U100089,남성,10대,2021
U100090,여성,40대,2020
U100090,여성,40대,2021
U100091,남성,50대,2020
U100091,남성,50대,2021
U100092,남성,40대,2020
U100092,남성,40대,2021
U100093,여성,30대,2020
U100093,여성,30대,2021
U100094,남성,30대,2020
U100094,남성,30대,2021
U100095,남성,40대,2020
U100095,남성,40대,2021
U100096,남성,20대,2020
U100096,남성,20대,2021
U100097,남성,20대,2020
U100097,남성,20대,2021
U100098,남성,30대,2020
U100098,남성,30대,2021
U100099,남성,30대,2020
U100099,남성,30대,2021
U100100,여성,30대,2020
U100100,여성,30대,2021
U100101,남성,10대,2020
U100101,남성,10대,2021
U100102,남성,20대,2020
U100102,남성,20대,2021
U100103,남성,20대,2020
U100103,남성,20대,2021
U100104,여성,40대,2020
U100104,여성,40대,2021
U100105,남성,30대,2020
U100105,남성,30대,2021
U100106,남성,50대,2020
U100106,남성,50대,2021
U100107,남성,30대,2020
U100107,남성,30대,2021
U100108,남성,30대,2020
U100108,남성,30대,2021
U100109,여성,40대,2020
U100109,여성,40대,2021
U100110,여성,40대,2020
U100110,여성,40대,2021
U100111,남성,20대,2020
U100111,남성,20대,2021
U100112,여성,40대,2020
U100112,여성,40대,2021
U100113,남성,20대,2020
U100113,남성,20대,2021
U100114,남성,30대,2020
U100114,남성,30대,2021
U100115,남성,30대,2020
U100115,남성,30대,2021
U100116,남성,40대,2020
U100116,남성,40대,2021
U100117,남성,50대,2021
U100118,여성,30대,2020
U100118,여성,30대,2021
U100119,남성,30대,2020
U100119,남성,30대,2021
U100120,남성,50대,2020
U100120,남성,50대,2021
U100121,남성,30대,2020
U100121,남성,30대,2021
U100122,여성,10대,2020
U100122,여성,10대,2021
U100123,여성,20대,2020
U100123,여성,20대,2021
U100124,남성,30대,2020
U100124,남성,30대,2021
U100125,여성,20대,2020
U100125,여성,20대,2021
U100126,여성,30대,2020
U100126,여성,30대,2021
U100127,여성,50대,2020
U100127,여성,50대,2021
U100128,남성,20대,2020
U100128,남성,20대,2021
U100129,남성,30대,2020
U100129,남성,30대,2021
U100130,남성,30대,2020
U100130,남성,30대,2021
U100131,여성,10대,2020
U100131,여성,10대,2021
U100132,남성,10대,2020
U100132,남성,10대,2021
U100133,여성,30대,2020
U100133,여성,30대,2021
U100134,여성,30대,2020
U100134,여성,30대,2021
U100135,여성,30대,2020
U100135,여성,30대,2021
U100136,남성,50대,2020
U100136,남성,50대,2021
U100137,남성,30대,2020
U100137,남성,30대,2021
U100138,남성,30대,2020
U100138,남성,30대,2021
U100139,남성,20대,2020
U100139,남성,20대,2021
U100140,남성,30대,2020
U100140,남성,30대,2021
U100141,남성,30대,2020
U100141,남성,30대,2021
U100142,남성,20대,2020
U100142,남성,20대,2021
U100143,남성,50대,2020
U100143,남성,50대,2021
U100144,남성,40대,2020
U100144,남성,40대,2021
U100145,남성,20대,2020
U100145,남성,20대,2021
U100146,남성,40대,2020
U100146,남성,40대,2021
U100147,남성,20대,2020
U100147,남성,20대,2021
U100148,여성,40대,2020
U100148,여성,40대,2021
U100149,남성,30대,2020
U100149,남성,30대,2021
U100150,남성,20대,2020
U100150,남성,20대,2021
U100151,여성,20대,2020
U100151,여성,20대,2021
U100152,남성,20대,2020
U100152,남성,20대,2021
U100153,남성,40대,2020
U100153,남성,40대,2021
U100154,여성,40대,2020
U100154,여성,40대,2021
U100155,남성,30대,2020
U100155,남성,30대,2021
U100156,남성,50대,2020
U100156,남성,50대,2021
U100157,남성,20대,2020
U100157,남성,20대,2021
U100158,여성,20대,2020
U100158,여성,20대,2021
U100159,여성,50대,2021
U100160,여성,30대,2020
U100160,여성,30대,2021
U100161,남성,50대,2020
U100161,남성,50대,2021
U100162,남성,50대,2020
U100162,남성,50대,2021
U100163,남성,20대,2020
U100163,남성,20대,2021
U100164,남성,40대,2021
U100165,남성,30대,2020
U100165,남성,30대,2021
U100166,남성,30대,2020
U100166,남성,30대,2021
U100167,여성,30대,2020
U100167,여성,30대,2021
U100168,여성,40대,2020
U100168,여성,40대,2021
U100169,여성,30대,2020
U100169,여성,30대,2021
U100170,남성,20대,2020
U100170,남성,20대,2021
U100171,남성,30대,2020
U100171,남성,30대,2021
U100172,여성,30대,2020
U100172,여성,30대,2021
U100173,여성,40대,2020
U100173,여성,40대,2021
U100174,남성,30대,2020
U100174,남성,30대,2021
U100175,남성,20대,2020
U100175,남성,20대,2021
U100176,남성,30대,2020
U100176,남성,30대,2021
U100177,여성,30대,2020
U100177,여성,30대,2021
U100178,남성,40대,2021
U100179,여성,20대,2020
U100179,여성,20대,2021
U100180,여성,40대,2020
U100180,여성,40대,2021
U100181,남성,30대,2020
U100181,남성,30대,2021
U100182,남성,30대,2020
U100182,남성,30대,2021
U100183,남성,40대,2020
U100183,남성,40대,2021
U100184,여성,20대,2020
U100184,여성,20대,2021
U100185,여성,20대,2020
U100185,여성,20대,2021
U100186,남성,30대,2020
U100186,남성,30대,2021
U100187,여성,20대,2020
U100187,여성,20대,2021
U100188,남성,30대,2020
U100188,남성,30대,2021
U100189,남성,10대,2020
U100189,남성,10대,2021
U100190,남성,40대,2020
U100190,남성,40대,2021
U100191,남성,20대,2021
U100192,여성,30대,2020
U100192,여성,30대,2021
U100193,남성,40대,2020
U100193,남성,40대,2021
U100194,여성,30대,2020
U100194,여성,30대,2021
U100195,남성,20대,2020
U100195,남성,20대,2021
U100196,여성,30대,2020
U100196,여성,30대,2021
U100197,여성,40대,2021
U100198,남성,20대,2020
U100198,남성,20대,2021
U100199,남성,20대,2020
U100199,남성,20대,2021
U100200,여성,20대,2020
U100200,여성,20대,2021
U100201,여성,20대,2020
U100201,여성,20대,2021
U100202,여성,20대,2020
U100202,여성,20대,2021
U100203,남성,30대,2021
U100204,남성,50대,2020
U100204,남성,50대,2021
U100205,남성,40대,2020
U100205,남성,40대,2021
U100206,남성,50대,2020
U100206,남성,50대,2021
U100207,남성,30대,2020
U100207,남성,30대,2021
U100208,여성,60대이상,2020
U100208,여성,60대이상,2021
U100209,남성,20대,2020
U100209,남성,20대,2021
U100210,여성,40대,2020
U100210,여성,40대,2021
U100211,여성,30대,2020
U100211,여성,30대,2021
U100212,남성,30대,2021
U100213,남성,30대,2020
U100213,남성,30대,2021
U100214,여성,30대,2020
U100214,여성,30대,2021
U100215,남성,50대,2021
U100216,남성,50대,2021
U100217,여성,40대,2020
U100217,여성,40대,2021
U100218,남성,30대,2020
U100218,남성,30대,2021
U100219,남성,10대,2020
U100219,남성,10대,2021
U100220,남성,20대,2020
U100220,남성,20대,2021
U100221,남성,10대,2020
U100221,남성,10대,2021
U100222,남성,20대,2020
U100222,남성,20대,2021
U100223,남성,60대이상,2020
U100223,남성,60대이상,2021
U100224,남성,50대,2020
U100224,남성,50대,2021
U100225,남성,30대,2020
U100225,남성,30대,2021
U100226,여성,40대,2020
U100226,여성,40대,2021
U100227,남성,40대,2020
U100227,남성,40대,2021
U100228,여성,10대,2020
U100228,여성,10대,2021
U100229,남성,30대,2020
U100229,남성,30대,2021
U100230,남성,20대,2020
U100230,남성,20대,2021
U100231,남성,50대,2020
U100231,남성,50대,2021
U100232,남성,20대,2020
U100232,남성,20대,2021
U100233,남성,20대,2020
U100233,남성,20대,2021
U100234,여성,30대,2020
U100234,여성,30대,2021
U100235,남성,20대,2020
U100235,남성,20대,2021
U100236,남성,20대,2020
U100236,남성,20대,2021
U100237,남성,50대,2020
U100237,남성,50대,2021
U100238,여성,30대,2020
U100238,여성,30대,2021
U100239,남성,50대,2020
U100239,남성,50대,2021
U100240,여성,40대,2020
U100240,여성,40대,2021
U100241,남성,30대,2020
U100241,남성,30대,2021
U100242,남성,30대,2020
U100242,남성,30대,2021
U100243,남성,20대,2020
U100243,남성,20대,2021
U100244,남성,40대,2020
U100244,남성,40대,2021
U100245,남성,30대,2020
U100245,남성,30대,2021
U100246,여성,20대,2020
U100246,여성,20대,2021
U100247,남성,30대,2020
U100247,남성,30대,2021
U100248,남성,30대,2020
U100248,남성,30대,2021
U100249,남성,50대,2020
U100249,남성,50대,2021
U100250,여성,20대,2020
U100250,여성,20대,2021
U100251,여성,30대,2020
U100251,여성,30대,2021
U100252,남성,30대,2020
U100252,남성,30대,2021
U100253,남성,20대,2020
U100253,남성,20대,2021
U100254,여성,40대,2020
U100254,여성,40대,2021
U100255,남성,30대,2020
U100255,남성,30대,2021
U100256,남성,40대,2020
U100256,남성,40대,2021
U100257,남성,20대,2020
U100257,남성,20대,2021
U100258,남성,30대,2020
U100258,남성,30대,2021
U100259,남성,30대,2020
U100259,남성,30대,2021
U100260,남성,30대,2020
U100260,남성,30대,2021
U100261,남성,60대이상,2020
U100261,남성,60대이상,2021
U100262,남성,30대,2020
U100262,남성,30대,2021
U100263,남성,40대,2020
U100263,남성,40대,2021
U100264,남성,40대,2020
U100264,남성,40대,2021
U100265,남성,20대,2020
U100265,남성,20대,2021
U100266,남성,40대,2020
U100266,남성,40대,2021
U100267,남성,30대,2020
U100267,남성,30대,2021
U100268,여성,30대,2020
U100268,여성,30대,2021
U100269,여성,50대,2020
U100269,여성,50대,2021
U100270,여성,40대,2020
U100270,여성,40대,2021
U100271,여성,20대,2020
U100271,여성,20대,2021
U100272,남성,40대,2020
U100272,남성,40대,2021
U100273,남성,30대,2020
U100273,남성,30대,2021
U100274,남성,20대,2020
U100274,남성,20대,2021
U100275,남성,10대,2020
U100275,남성,10대,2021
U100276,여성,30대,2020
U100276,여성,30대,2021
U100277,여성,30대,2020
U100277,여성,30대,2021
U100278,남성,20대,2020
U100278,남성,20대,2021
U100279,남성,30대,2020
U100279,남성,30대,2021
U100280,남성,40대,2021
U100281,여성,40대,2020
U100281,여성,40대,2021
U100282,남성,20대,2020
U100282,남성,20대,2021
U100283,남성,20대,2020
U100283,남성,20대,2021
U100284,남성,50대,2020
U100284,남성,50대,2021
U100285,남성,40대,2020
U100285,남성,40대,2021
U100286,여성,40대,2021
U100287,남성,30대,2020
U100287,남성,30대,2021
U100288,남성,30대,2020
U100288,남성,30대,2021
U100289,남성,20대,2020
U100289,남성,20대,2021
U100290,남성,40대,2020
U100290,남성,40대,2021
U100291,남성,30대,2020
U100291,남성,30대,2021
U100292,남성,30대,2020
U100292,남성,30대,2021
U100293,여성,20대,2020
U100293,여성,20대,2021
U100294,여성,20대,2020
U100294,여성,20대,2021
U100295,남성,20대,2020
U100295,남성,20대,2021
U100296,여성,20대,2020
U100296,여성,20대,2021
U100297,여성,50대,2020
U100297,여성,50대,2021
U100298,남성,30대,2020
U100298,남성,30대,2021
U100299,남성,30대,2020
U100299,남성,30대,2021
U100300,여성,40대,2020
U100300,여성,40대,2021
U100301,여성,30대,2020
U100301,여성,30대,2021
U100302,여성,50대,2020
U100302,여성,50대,2021
U100303,여성,20대,2020
U100303,여성,20대,2021
U100304,여성,30대,2020
U100304,여성,30대,2021
U100305,여성,20대,2020
U100305,여성,20대,2021
U100306,남성,50대,2020
U100306,남성,50대,2021
U100307,남성,20대,2020
U100307,남성,20대,2021
U100308,남성,30대,2020
U100308,남성,30대,2021
U100309,여성,40대,2020
U100309,여성,40대,2021
U100310,남성,20대,2020
U100310,남성,20대,2021
U100311,여성,40대,2020
U100311,여성,40대,2021
U100312,남성,20대,2020
U100312,남성,20대,2021
U100313,여성,50대,2020
U100313,여성,50대,2021
U100314,남성,30대,2020
U100314,남성,30대,2021
U100315,여성,20대,2020
U100315,여성,20대,2021
U100316,남성,10대,2020
U100316,남성,10대,2021
U100317,여성,30대,2021
U100318,남성,30대,2020
U100318,남성,30대,2021
U100319,여성,40대,2020
U100319,여성,40대,2021
U100320,남성,30대,2020
U100320,남성,30대,2021
U100321,남성,10대,2020
U100321,남성,10대,2021
U100322,여성,20대,2020
U100322,여성,20대,2021
U100323,남성,20대,2020
U100323,남성,20대,2021
U100324,남성,20대,2020
U100324,남성,20대,2021
U100325,남성,50대,2020
U100325,남성,50대,2021
U100326,남성,20대,2020
U100326,남성,20대,2021
U100327,남성,30대,2020
U100327,남성,30대,2021
U100328,남성,50대,2020
U100328,남성,50대,2021
U100329,남성,40대,2020
U100329,남성,40대,2021
U100330,남성,40대,2020
U100330,남성,40대,2021
U100331,여성,50대,2020
U100331,여성,50대,2021
U100332,남성,60대이상,2020
U100332,남성,60대이상,2021
U100333,남성,10대,2020
U100333,남성,10대,2021
U100334,남성,20대,2020
U100334,남성,20대,2021
U100335,남성,50대,2020
U100335,남성,50대,2021
U100336,남성,10대,2020
U100336,남성,10대,2021
U100337,남성,20대,2020
U100337,남성,20대,2021
U100338,남성,30대,2020
U100338,남성,30대,2021
U100339,남성,30대,2020
U100339,남성,30대,2021
U100340,남성,30대,2020
U100340,남성,30대,2021
U100341,남성,40대,2020
U100341,남성,40대,2021
U100342,남성,30대,2020
U100342,남성,30대,2021
U100343,남성,40대,2020
U100343,남성,40대,2021
U100344,남성,20대,2020
U100344,남성,20대,2021
U100345,여성,30대,2020
U100345,여성,30대,2021
U100346,남성,20대,2020
U100346,남성,20대,2021
U100347,여성,50대,2020
U100347,여성,50대,2021
U100348,남성,40대,2020
U100348,남성,40대,2021
U100349,남성,40대,2020
U100349,남성,40대,2021
U100350,남성,30대,2020
U100350,남성,30대,2021
U100351,남성,50대,2020
U100351,남성,50대,2021
U100352,남성,20대,2020
U100352,남성,20대,2021
U100353,남성,20대,2020
U100353,남성,20대,2021
U100354,남성,20대,2020
U100354,남성,20대,2021
U100355,여성,20대,2021
U100356,남성,30대,2020
U100356,남성,30대,2021
U100357,남성,40대,2020
U100357,남성,40대,2021
U100358,여성,40대,2020
U100358,여성,40대,2021
U100359,남성,40대,2020
U100359,남성,40대,2021
U100360,남성,10대,2020
U100360,남성,10대,2021
U100361,여성,10대,2020
U100361,여성,10대,2021
U100362,남성,40대,2020
U100362,남성,40대,2021
U100363,남성,40대,2020
U100363,남성,40대,2021
U100364,남성,30대,2020
U100364,남성,30대,2021
U100365,여성,30대,2020
U100365,여성,30대,2021
U100366,남성,60대이상,2020
U100366,남성,60대이상,2021
U100367,여성,40대,2020
U100367,여성,40대,2021
U100368,남성,30대,2020
U100368,남성,30대,2021
U100369,남성,40대,2020
U100369,남성,40대,2021
U100370,남성,40대,2020
U100370,남성,40대,2021
U100371,여성,40대,2020
U100371,여성,40대,2021
U100372,남성,40대,2021
U100373,남성,20대,2020
U100373,남성,20대,2021
U100374,남성,40대,2020
U100374,남성,40대,2021
U100375,남성,50대,2020
U100375,남성,50대,2021
U100376,남성,30대,2020
U100376,남성,30대,2021
U100377,여성,50대,2020
U100377,여성,50대,2021
U100378,남성,50대,2020
U100378,남성,50대,2021
U100379,남성,40대,2020
U100379,남성,40대,2021
U100380,남성,20대,2020
U100380,남성,20대,2021
U100381,남성,10대,2020
U100381,남성,10대,2021
U100382,여성,40대,2020
U100382,여성,40대,2021
U100383,여성,50대,2020
U100383,여성,50대,2021
U100384,여성,40대,2020
U100384,여성,40대,2021
U100385,남성,40대,2020
U100385,남성,40대,2021
U100386,남성,50대,2020
U100386,남성,50대,2021
U100387,남성,30대,2020
U100387,남성,30대,2021
U100388,남성,40대,2020
U100388,남성,40대,2021
U100389,여성,30대,2020
U100389,여성,30대,2021
U100390,남성,30대,2020
U100390,남성,30대,2021
U100391,여성,40대,2020
U100391,여성,40대,2021
U100392,남성,20대,2020
U100392,남성,20대,2021
U100393,여성,30대,2020
U100393,여성,30대,2021
U100394,남성,40대,2020
U100394,남성,40대,2021
U100395,남성,20대,2020
U100395,남성,20대,2021
U100396,여성,20대,2021
U100397,여성,20대,2020
U100397,여성,20대,2021
U100398,남성,30대,2020
U100398,남성,30대,2021
U100399,여성,20대,2021
U100400,여성,40대,2020
U100400,여성,40대,2021
U100401,여성,20대,2020
U100401,여성,20대,2021
U100402,남성,30대,2020
U100402,남성,30대,2021
U100403,여성,30대,2020
U100403,여성,30대,2021
U100404,남성,20대,2020
U100404,남성,20대,2021
U100405,남성,40대,2020
U100405,남성,40대,2021
U100406,여성,30대,2020
U100406,여성,30대,2021
U100407,여성,50대,2020
U100407,여성,50대,2021
U100408,남성,30대,2020
U100408,남성,30대,2021
U100409,여성,20대,2020
U100409,여성,20대,2021
U100410,여성,60대이상,2020
U100410,여성,60대이상,2021
U100411,여성,20대,2020
U100411,여성,20대,2021
U100412,여성,10대,2020
U100412,여성,10대,2021
U100413,남성,30대,2020
U100413,남성,30대,2021
U100414,남성,30대,2020
U100414,남성,30대,2021
U100415,남성,30대,2020
U100415,남성,30대,2021
U100416,여성,40대,2021
U100417,여성,30대,2020
U100417,여성,30대,2021
U100418,남성,30대,2020
U100418,남성,30대,2021
U100419,남성,30대,2020
U100419,남성,30대,2021
U100420,남성,30대,2020
U100420,남성,30대,2021
U100421,남성,20대,2020
U100421,남성,20대,2021
U100422,남성,30대,2020
U100422,남성,30대,2021
U100423,남성,30대,2020
U100423,남성,30대,2021
U100424,남성,40대,2020
U100424,남성,40대,2021
U100425,여성,40대,2020
U100425,여성,40대,2021
U100426,남성,40대,2020
U100426,남성,40대,2021
U100427,여성,20대,2020
U100427,여성,20대,2021
U100428,남성,20대,2020
U100428,남성,20대,2021
U100429,여성,30대,2020
U100429,여성,30대,2021
U100430,남성,30대,2020
U100430,남성,30대,2021
U100431,여성,20대,2020
U100431,여성,20대,2021
U100432,남성,20대,2020
U100432,남성,20대,2021
U100433,남성,40대,2020
U100433,남성,40대,2021
U100434,여성,20대,2020
U100434,여성,20대,2021
U100435,여성,50대,2020
U100435,여성,50대,2021
U100436,남성,20대,2020
U100436,남성,20대,2021
U100437,남성,20대,2020
U100437,남성,20대,2021
U100438,남성,10대,2020
U100438,남성,10대,2021
U100439,남성,50대,2021
U100440,여성,40대,2020
U100440,여성,40대,2021
U100441,남성,20대,2020
U100441,남성,20대,2021
U100442,남성,40대,2021
U100443,남성,30대,2020
U100443,남성,30대,2021
U100444,남성,50대,2020
U100444,남성,50대,2021
U100445,여성,30대,2020
U100445,여성,30대,2021
U100446,여성,30대,2020
U100446,여성,30대,2021
U100447,남성,20대,2020
U100447,남성,20대,2021
U100448,여성,30대,2020
U100448,여성,30대,2021
U100449,남성,30대,2020
U100449,남성,30대,2021
U100450,남성,30대,2020
U100450,남성,30대,2021
U100451,남성,40대,2020
U100451,남성,40대,2021
U100452,남성,30대,2020
U100452,남성,30대,2021
U100453,남성,40대,2021
U100454,여성,20대,2021
U100455,남성,20대,2020
U100455,남성,20대,2021
U100456,남성,40대,2020
U100456,남성,40대,2021
U100457,여성,20대,2021
U100458,여성,60대이상,2020
U100458,여성,60대이상,2021
U100459,남성,30대,2020
U100459,남성,30대,2021
U100460,남성,30대,2020
U100460,남성,30대,2021
U100461,여성,50대,2020
U100461,여성,50대,2021
U100462,남성,40대,2020
U100462,남성,40대,2021
U100463,남성,50대,2020
U100463,남성,50대,2021
U100464,여성,60대이상,2020
U100464,여성,60대이상,2021
U100465,남성,40대,2020
U100465,남성,40대,2021
U100466,남성,40대,2020
U100466,남성,40대,2021
U100467,남성,30대,2020
U100467,남성,30대,2021
U100468,여성,30대,2020
U100468,여성,30대,2021
U100469,남성,20대,2020
U100469,남성,20대,2021
U100470,남성,30대,2020
U100470,남성,30대,2021
U100471,여성,40대,2020
U100471,여성,40대,2021
U100472,여성,40대,2020
U100472,여성,40대,2021
U100473,남성,60대이상,2020
U100473,남성,60대이상,2021
U100474,남성,20대,2020
U100474,남성,20대,2021
U100475,남성,20대,2020
U100475,남성,20대,2021
U100476,여성,40대,2021
U100477,남성,10대,2020
U100477,남성,10대,2021
U100478,남성,20대,2020
U100478,남성,20대,2021
U100479,남성,50대,2020
U100479,남성,50대,2021
U100480,남성,20대,2020
U100480,남성,20대,2021
U100481,여성,20대,2020
U100481,여성,20대,2021
U100482,남성,20대,2020
U100482,남성,20대,2021
U100483,여성,30대,2021
U100484,남성,40대,2020
U100484,남성,40대,2021
U100485,여성,30대,2020
U100485,여성,30대,2021
U100486,남성,10대,2020
U100486,남성,10대,2021
U100487,남성,30대,2020
U100487,남성,30대,2021
U100488,남성,30대,2020
U100488,남성,30대,2021
U100489,남성,20대,2020
U100489,남성,20대,2021
U100490,남성,60대이상,2020
U100490,남성,60대이상,2021
U100491,남성,40대,2020
U100491,남성,40대,2021
U100492,남성,40대,2020
U100492,남성,40대,2021
U100493,여성,30대,2020
U100493,여성,30대,2021
U100494,여성,50대,2020
U100494,여성,50대,2021
U100495,남성,50대,2020
U100495,남성,50대,2021
U100496,남성,20대,2020
U100496,남성,20대,2021
U100497,남성,40대,2020
U100497,남성,40대,2021
U100498,남성,30대,2020
U100498,남성,30대,2021
U100499,여성,40대,2020
U100499,여성,40대,2021
U100500,남성,40대,2020
U100500,남성,40대,2021
U100501,남성,30대,2020
U100501,남성,30대,2021
U100502,남성,20대,2020
U100502,남성,20대,2021
U100503,남성,20대,2020
U100503,남성,20대,2021
U100504,여성,20대,2020
U100504,여성,20대,2021
U100505,남성,20대,2020
U100505,남성,20대,2021
U100506,남성,40대,2020
U100506,남성,40대,2021
U100507,여성,50대,2020
U100507,여성,50대,2021
U100508,여성,20대,2020
U100508,여성,20대,2021
U100509,남성,20대,2020
U100509,남성,20대,2021
U100510,여성,50대,2020
U100510,여성,50대,2021
U100511,여성,20대,2020
U100511,여성,20대,2021
U100512,남성,30대,2020
U100512,남성,30대,2021
U100513,남성,40대,2021
U100514,남성,40대,2020
U100514,남성,40대,2021
U100515,남성,40대,2020
U100515,남성,40대,2021
U100516,남성,40대,2020
U100516,남성,40대,2021
U100517,여성,30대,2020
U100517,여성,30대,2021
U100518,남성,20대,2020
U100518,남성,20대,2021
U100519,남성,40대,2020
U100519,남성,40대,2021
U100520,남성,40대,2021
U100521,남성,30대,2020
U100521,남성,30대,2021
U100522,남성,40대,2020
U100522,남성,40대,2021
U100523,여성,20대,2020
U100523,여성,20대,2021
U100524,남성,20대,2020
U100524,남성,20대,2021
U100525,남성,50대,2020
U100525,남성,50대,2021
U100526,남성,30대,2020
U100526,남성,30대,2021
U100527,여성,20대,2020
U100527,여성,20대,2021
U100528,남성,20대,2020
U100528,남성,20대,2021
U100529,남성,60대이상,2020
U100529,남성,60대이상,2021
U100530,남성,20대,2020
U100530,남성,20대,2021
U100531,여성,30대,2020
U100531,여성,30대,2021
U100532,여성,10대,2020
U100532,여성,10대,2021
U100533,여성,20대,2020
U100533,여성,20대,2021
U100534,여성,30대,2020
U100534,여성,30대,2021
U100535,남성,20대,2020
U100535,남성,20대,2021
U100536,여성,50대,2021
U100537,남성,50대,2020
U100537,남성,50대,2021
U100538,남성,50대,2020
U100538,남성,50대,2021
U100539,남성,30대,2020
U100539,남성,30대,2021
U100540,남성,40대,2021
U100541,남성,30대,2020
U100541,남성,30대,2021
U100542,남성,30대,2020
U100542,남성,30대,2021
U100543,남성,30대,2021
U100544,남성,30대,2020
U100544,남성,30대,2021
U100545,남성,10대,2020
U100545,남성,10대,2021
U100546,남성,10대,2020
U100546,남성,10대,2021
U100547,여성,30대,2020
U100547,여성,30대,2021
U100548,여성,30대,2020
U100548,여성,30대,2021
U100549,여성,30대,2020
U100549,여성,30대,2021
U100550,남성,20대,2020
U100550,남성,20대,2021
U100551,여성,30대,2020
U100551,여성,30대,2021
U100552,남성,30대,2020
U100552,남성,30대,2021
U100553,여성,40대,2020
U100553,여성,40대,2021
U100554,남성,50대,2020
U100554,남성,50대,2021
U100555,여성,30대,2020
U100555,여성,30대,2021
U100556,남성,10대,2020
U100556,남성,10대,2021
U100557,남성,20대,2020
U100557,남성,20대,2021
U100558,남성,50대,2021
U100559,여성,30대,2020
U100559,여성,30대,2021
U100560,남성,30대,2021
U100561,남성,40대,2020
U100561,남성,40대,2021
U100562,남성,40대,2020
U100562,남성,40대,2021
U100563,남성,30대,2020
U100563,남성,30대,2021
U100564,여성,40대,2020
U100564,여성,40대,2021
U100565,남성,30대,2020
U100565,남성,30대,2021
U100566,남성,20대,2020
U100566,남성,20대,2021
U100567,남성,10대,2020
U100567,남성,10대,2021
U100568,여성,30대,2020
U100568,여성,30대,2021
U100569,남성,50대,2020
U100569,남성,50대,2021
U100570,여성,40대,2020
U100570,여성,40대,2021
U100571,남성,20대,2020
U100571,남성,20대,2021
U100572,남성,40대,2020
U100572,남성,40대,2021
U100573,여성,30대,2020
U100573,여성,30대,2021
U100574,남성,30대,2020
U100574,남성,30대,2021
U100575,여성,30대,2020
U100575,여성,30대,2021
U100576,남성,40대,2020
U100576,남성,40대,2021
U100577,남성,20대,2020
U100577,남성,20대,2021
U100578,남성,10대,2020
U100578,남성,10대,2021
U100579,남성,20대,2020
U100579,남성,20대,2021
U100580,남성,30대,2020
U100580,남성,30대,2021
U100581,여성,30대,2021
U100582,여성,20대,2020
U100582,여성,20대,2021
U100583,여성,30대,2020
U100583,여성,30대,2021
U100584,여성,20대,2020
U100584,여성,20대,2021
U100585,남성,20대,2020
U100585,남성,20대,2021
U100586,남성,10대,2020
U100586,남성,10대,2021
U100587,남성,20대,2020
U100587,남성,20대,2021
U100588,남성,20대,2020
U100588,남성,20대,2021
U100589,여성,30대,2020
U100589,여성,30대,2021
U100590,남성,50대,2020
U100590,남성,50대,2021
U100591,남성,40대,2020
U100591,남성,40대,2021
U100592,여성,20대,2020
U100592,여성,20대,2021
U100593,남성,60대이상,2020
U100593,남성,60대이상,2021
U100594,여성,30대,2020
U100594,여성,30대,2021
U100595,여성,20대,2020
U100595,여성,20대,2021
U100596,여성,30대,2020
U100596,여성,30대,2021
U100597,남성,20대,2020
U100597,남성,20대,2021
U100598,남성,20대,2020
U100598,남성,20대,2021
U100599,남성,30대,2020
U100599,남성,30대,2021
U100600,남성,20대,2020
U100600,남성,20대,2021
U100601,여성,40대,2020
U100601,여성,40대,2021
U100602,여성,20대,2020
U100602,여성,20대,2021
U100603,남성,20대,2020
U100603,남성,20대,2021
U100604,남성,40대,2020
U100604,남성,40대,2021
U100605,남성,20대,2020
U100605,남성,20대,2021
U100606,남성,20대,2020
U100606,남성,20대,2021
U100607,남성,30대,2020
U100607,남성,30대,2021
U100608,남성,20대,2020
U100608,남성,20대,2021
U100609,남성,40대,2020
U100609,남성,40대,2021
U100610,남성,20대,2020
U100610,남성,20대,2021
U100611,남성,10대,2020
U100611,남성,10대,2021
U100612,여성,40대,2021
U100613,남성,20대,2020
U100613,남성,20대,2021
U100614,남성,20대,2020
U100614,남성,20대,2021
U100615,남성,30대,2020
U100615,남성,30대,2021
U100616,남성,40대,2020
U100616,남성,40대,2021
U100617,남성,20대,2020
U100617,남성,20대,2021
U100618,남성,40대,2020
U100618,남성,40대,2021
U100619,남성,50대,2020
U100619,남성,50대,2021
U100620,여성,30대,2021
U100621,여성,30대,2020
U100621,여성,30대,2021
U100622,남성,20대,2020
U100622,남성,20대,2021
U100623,여성,30대,2020
U100623,여성,30대,2021
U100624,여성,40대,2020
U100624,여성,40대,2021
U100625,여성,30대,2020
U100625,여성,30대,2021
U100626,남성,30대,2020
U100626,남성,30대,2021
U100627,여성,20대,2020
U100627,여성,20대,2021
U100628,여성,20대,2020
U100628,여성,20대,2021
U100629,여성,50대,2020
U100629,여성,50대,2021
U100630,여성,20대,2020
U100630,여성,20대,2021
U100631,남성,50대,2020
U100631,남성,50대,2021
U100632,남성,40대,2020
U100632,남성,40대,2021
U100633,남성,20대,2020
U100633,남성,20대,2021
U100634,남성,20대,2020
U100634,남성,20대,2021
U100635,여성,30대,2020
U100635,여성,30대,2021
U100636,남성,20대,2020
U100636,남성,20대,2021
U100637,남성,60대이상,2020
U100637,남성,60대이상,2021
U100638,여성,30대,2020
U100638,여성,30대,2021
U100639,남성,40대,2020
U100639,남성,40대,2021
U100640,남성,10대,2020
U100640,남성,10대,2021
U100641,남성,30대,2020
U100641,남성,30대,2021
U100642,남성,20대,2020
U100642,남성,20대,2021
U100643,여성,30대,2020
U100643,여성,30대,2021
U100644,여성,30대,2020
U100644,여성,30대,2021
U100645,남성,20대,2020
U100645,남성,20대,2021
U100646,여성,40대,2020
U100646,여성,40대,2021
U100647,여성,20대,2020
U100647,여성,20대,2021
U100648,여성,40대,2020
U100648,여성,40대,2021
U100649,여성,30대,2020
U100649,여성,30대,2021
U100650,남성,10대,2020
U100650,남성,10대,2021
U100651,남성,50대,2020
U100651,남성,50대,2021
U100652,여성,40대,2020
U100652,여성,40대,2021
U100653,여성,30대,2021
U100654,남성,20대,2020
U100654,남성,20대,2021
U100655,남성,20대,2020
U100655,남성,20대,2021
U100656,남성,50대,2020
U100656,남성,50대,2021
U100657,남성,10대,2020
U100657,남성,10대,2021
U100658,남성,40대,2020
U100658,남성,40대,2021
U100659,남성,50대,2020
U100659,남성,50대,2021
U100660,여성,50대,2020
U100660,여성,50대,2021
U100661,남성,30대,2020
U100661,남성,30대,2021
U100662,여성,40대,2020
U100662,여성,40대,2021
U100663,여성,50대,2020
U100663,여성,50대,2021
U100664,여성,30대,2020
U100664,여성,30대,2021
U100665,남성,40대,2020
U100665,남성,40대,2021
U100666,여성,20대,2020
U100666,여성,20대,2021
U100667,여성,30대,2020
U100667,여성,30대,2021
U100668,남성,50대,2020
U100668,남성,50대,2021
U100669,여성,50대,2020
U100669,여성,50대,2021
U100670,남성,40대,2020
U100670,남성,40대,2021
U100671,남성,30대,2020
U100671,남성,30대,2021
U100672,남성,30대,2020
U100672,남성,30대,2021
U100673,여성,10대,2020
U100673,여성,10대,2021
U100674,남성,30대,2020
U100674,남성,30대,2021
U100675,여성,20대,2021
U100676,남성,20대,2020
U100676,남성,20대,2021
U100677,여성,20대,2020
U100677,여성,20대,2021
U100678,여성,30대,2021
U100679,남성,60대이상,2020
U100679,남성,60대이상,2021
U100680,여성,20대,2020
U100680,여성,20대,2021
U100681,여성,60대이상,2021
U100682,남성,30대,2020
U100682,남성,30대,2021
U100683,여성,30대,2020
U100683,여성,30대,2021
U100684,여성,30대,2021
U100685,남성,30대,2020
U100685,남성,30대,2021
U100686,여성,40대,2020
U100686,여성,40대,2021
U100687,여성,10대,2020
U100687,여성,10대,2021
U100688,여성,40대,2020
U100688,여성,40대,2021
U100689,남성,20대,2020
U100689,남성,20대,2021
U100690,남성,60대이상,2020
U100690,남성,60대이상,2021
U100691,남성,20대,2020
U100691,남성,20대,2021
U100692,남성,10대,2020
U100692,남성,10대,2021
U100693,여성,40대,2020
U100693,여성,40대,2021
U100694,남성,30대,2020
U100694,남성,30대,2021
U100695,남성,60대이상,2021
U100696,남성,30대,2020
U100696,남성,30대,2021
U100697,남성,40대,2020
U100697,남성,40대,2021
U100698,남성,30대,2020
U100698,남성,30대,2021
U100699,남성,60대이상,2020
U100699,남성,60대이상,2021
U100700,남성,50대,2020
U100700,남성,50대,2021
U100701,여성,60대이상,2021
U100702,남성,20대,2020
U100702,남성,20대,2021
U100703,남성,10대,2020
U100703,남성,10대,2021
U100704,여성,30대,2021
U100705,남성,50대,2020
U100705,남성,50대,2021
U100706,남성,50대,2021
U100707,남성,50대,2020
U100707,남성,50대,2021
U100708,남성,60대이상,2020
U100708,남성,60대이상,2021
U100709,남성,40대,2020
U100709,남성,40대,2021
U100710,남성,20대,2020
U100710,남성,20대,2021
U100711,남성,30대,2021
U100712,남성,20대,2020
U100712,남성,20대,2021
U100713,여성,30대,2020
U100713,여성,30대,2021
U100714,남성,30대,2020
U100714,남성,30대,2021
U100715,남성,20대,2020
U100715,남성,20대,2021
U100716,남성,40대,2020
U100716,남성,40대,2021
U100717,남성,30대,2020
U100717,남성,30대,2021
U100718,여성,20대,2020
U100718,여성,20대,2021
U100719,남성,20대,2020
U100719,남성,20대,2021
U100720,남성,30대,2020
U100720,남성,30대,2021
U100721,여성,30대,2020
U100721,여성,30대,2021
U100722,남성,20대,2020
U100722,남성,20대,2021
U100723,남성,10대,2020
U100723,남성,10대,2021
U100724,여성,20대,2020
U100724,여성,20대,2021
U100725,남성,40대,2020
U100725,남성,40대,2021
U100726,남성,20대,2020
U100726,남성,20대,2021
U100727,여성,50대,2020
U100727,여성,50대,2021
U100728,남성,50대,2020
U100728,남성,50대,2021
U100729,남성,40대,2020
U100729,남성,40대,2021
U100730,남성,40대,2020
U100730,남성,40대,2021
U100731,남성,20대,2020
U100731,남성,20대,2021
U100732,남성,40대,2020
U100732,남성,40대,2021
U100733,남성,50대,2020
U100733,남성,50대,2021
U100734,남성,50대,2020
U100734,남성,50대,2021
U100735,남성,20대,2020
U100735,남성,20대,2021
U100736,남성,20대,2020
U100736,남성,20대,2021
U100737,남성,30대,2020
U100737,남성,30대,2021
U100738,남성,10대,2020
U100738,남성,10대,2021
U100739,남성,20대,2020
U100739,남성,20대,2021
U100740,여성,50대,2020
U100740,여성,50대,2021
U100741,남성,50대,2020
U100741,남성,50대,2021
U100742,여성,10대,2020
U100742,여성,10대,2021
U100743,남성,30대,2020
U100743,남성,30대,2021
U100744,여성,20대,2020
U100744,여성,20대,2021
U100745,남성,50대,2020
U100745,남성,50대,2021
U100746,남성,30대,2020
U100746,남성,30대,2021
U100747,여성,30대,2020
U100747,여성,30대,2021
U100748,남성,30대,2020
U100748,남성,30대,2021
U100749,남성,30대,2021
U100750,여성,40대,2020
U100750,여성,40대,2021
U100751,남성,40대,2020
U100751,남성,40대,2021
U100752,여성,50대,2020
U100752,여성,50대,2021
U100753,남성,10대,2020
U100753,남성,10대,2021
U100754,남성,30대,2021
U100755,남성,20대,2020
U100755,남성,20대,2021
U100756,남성,20대,2020
U100756,남성,20대,2021
U100757,남성,20대,2020
U100757,남성,20대,2021
U100758,여성,20대,2020
U100758,여성,20대,2021
U100759,여성,30대,2020
U100759,여성,30대,2021
U100760,남성,50대,2020
U100760,남성,50대,2021
U100761,남성,20대,2020
U100761,남성,20대,2021
U100762,남성,20대,2020
U100762,남성,20대,2021
U100763,남성,20대,2020
U100763,남성,20대,2021
U100764,남성,40대,2021
U100765,남성,20대,2020
U100765,남성,20대,2021
U100766,여성,30대,2020
U100766,여성,30대,2021
U100767,남성,40대,2020
U100767,남성,40대,2021
U100768,남성,40대,2020
U100768,남성,40대,2021
U100769,남성,20대,2020
U100769,남성,20대,2021
U100770,남성,50대,2020
U100770,남성,50대,2021
U100771,남성,50대,2020
U100771,남성,50대,2021
U100772,여성,20대,2020
U100772,여성,20대,2021
U100773,남성,20대,2021
U100774,여성,40대,2020
U100774,여성,40대,2021
U100775,남성,60대이상,2020
U100775,남성,60대이상,2021
U100776,남성,30대,2020
U100776,남성,30대,2021
U100777,남성,20대,2020
U100777,남성,20대,2021
U100778,남성,60대이상,2020
U100778,남성,60대이상,2021
U100779,남성,40대,2020
U100779,남성,40대,2021
U100780,여성,30대,2020
U100780,여성,30대,2021
U100781,남성,20대,2020
U100781,남성,20대,2021
U100782,남성,20대,2020
U100782,남성,20대,2021
U100783,남성,30대,2020
U100783,남성,30대,2021
U100784,남성,40대,2020
U100784,남성,40대,2021
U100785,여성,20대,2020
U100785,여성,20대,2021
U100786,남성,20대,2020
U100786,남성,20대,2021
U100787,남성,30대,2020
U100787,남성,30대,2021
U100788,여성,40대,2020
U100788,여성,40대,2021
U100789,여성,20대,2020
U100789,여성,20대,2021
U100790,여성,30대,2020
U100790,여성,30대,2021
U100791,남성,30대,2020
U100791,남성,30대,2021
U100792,여성,20대,2021
U100793,여성,50대,2020
U100793,여성,50대,2021
U100794,남성,30대,2020
U100794,남성,30대,2021
U100795,여성,20대,2020
U100795,여성,20대,2021
U100796,여성,60대이상,2020
U100796,여성,60대이상,2021
U100797,남성,10대,2020
U100797,남성,10대,2021
U100798,여성,20대,2020
U100798,여성,20대,2021
U100799,남성,30대,2020
U100799,남성,30대,2021
U100800,여성,40대,2021
U100801,남성,30대,2020
U100801,남성,30대,2021
U100802,남성,30대,2020
U100802,남성,30대,2021
U100803,남성,20대,2021
U100804,남성,30대,2020
U100804,남성,30대,2021
U100805,여성,30대,2020
U100805,여성,30대,2021
U100806,남성,30대,2020
U100806,남성,30대,2021
U100807,남성,50대,2020
U100807,남성,50대,2021
U100808,여성,60대이상,2021
U100809,남성,40대,2020
U100809,남성,40대,2021
U100810,남성,40대,2020
U100810,남성,40대,2021
U100811,남성,20대,2020
U100811,남성,20대,2021
U100812,여성,20대,2020
U100812,여성,20대,2021
U100813,남성,30대,2020
U100813,남성,30대,2021
U100814,여성,30대,2020
U100814,여성,30대,2021
U100815,남성,20대,2020
U100815,남성,20대,2021
U100816,남성,30대,2021
U100817,남성,30대,2020
U100817,남성,30대,2021
U100818,남성,20대,2020
U100818,남성,20대,2021
U100819,여성,40대,2020
U100819,여성,40대,2021
U100820,여성,10대,2020
U100820,여성,10대,2021
U100821,여성,30대,2020
U100821,여성,30대,2021
U100822,남성,30대,2020
U100822,남성,30대,2021
U100823,여성,40대,2020
U100823,여성,40대,2021
U100824,남성,20대,2020
U100824,남성,20대,2021
U100825,여성,20대,2020
U100825,여성,20대,2021
U100826,남성,30대,2020
U100826,남성,30대,2021
U100827,남성,20대,2020
U100827,남성,20대,2021
U100828,여성,40대,2020
U100828,여성,40대,2021
U100829,남성,30대,2020
U100829,남성,30대,2021
U100830,남성,40대,2020
U100830,남성,40대,2021
U100831,남성,30대,2020
U100831,남성,30대,2021
U100832,남성,40대,2020
U100832,남성,40대,2021
U100833,여성,20대,2020
U100833,여성,20대,2021
U100834,남성,50대,2020
U100834,남성,50대,2021
U100835,남성,30대,2020
U100835,남성,30대,2021
U100836,여성,20대,2020
U100836,여성,20대,2021
U100837,남성,50대,2021
U100838,여성,30대,2020
U100838,여성,30대,2021
U100839,여성,40대,2020
U100839,여성,40대,2021
U100840,여성,30대,2020
U100840,여성,30대,2021
U100841,남성,40대,2020
U100841,남성,40대,2021
U100842,남성,20대,2020
U100842,남성,20대,2021
U100843,남성,30대,2020
U100843,남성,30대,2021
U100844,여성,10대,2020
U100844,여성,10대,2021
U100845,남성,20대,2020
U100845,남성,20대,2021
U100846,남성,40대,2020
U100846,남성,40대,2021
U100847,남성,40대,2020
U100847,남성,40대,2021
U100848,남성,20대,2020
U100848,남성,20대,2021
U100849,남성,20대,2020
U100849,남성,20대,2021
U100850,남성,30대,2020
U100850,남성,30대,2021
U100851,남성,30대,2020
U100851,남성,30대,2021
U100852,남성,40대,2020
U100852,남성,40대,2021
U100853,남성,20대,2020
U100853,남성,20대,2021
U100854,남성,30대,2020
U100854,남성,30대,2021
U100855,남성,30대,2020
U100855,남성,30대,2021
U100856,여성,20대,2020
U100856,여성,20대,2021
U100857,남성,30대,2020
U100857,남성,30대,2021
U100858,남성,30대,2020
U100858,남성,30대,2021
U100859,남성,30대,2020
U100859,남성,30대,2021
U100860,남성,30대,2020
U100860,남성,30대,2021
U100861,남성,30대,2020
U100861,남성,30대,2021
U100862,남성,50대,2020
U100862,남성,50대,2021
U100863,여성,20대,2020
U100863,여성,20대,2021
U100864,여성,20대,2020
U100864,여성,20대,2021
U100865,남성,30대,2020
U100865,남성,30대,2021
U100866,남성,20대,2020
U100866,남성,20대,2021
U100867,여성,30대,2020
U100867,여성,30대,2021
U100868,남성,40대,2020
U100868,남성,40대,2021
U100869,남성,50대,2020
U100869,남성,50대,2021
U100870,남성,20대,2020
U100870,남성,20대,2021
U100871,여성,40대,2021
U100872,여성,50대,2020
U100872,여성,50대,2021
U100873,남성,20대,2020
U100873,남성,20대,2021
U100874,남성,20대,2020
U100874,남성,20대,2021
U100875,여성,10대,2020
U100875,여성,10대,2021
U100876,남성,30대,2020
U100876,남성,30대,2021
U100877,여성,40대,2020
U100877,여성,40대,2021
U100878,남성,30대,2020
U100878,남성,30대,2021
U100879,남성,50대,2020
U100879,남성,50대,2021
U100880,여성,40대,2020
U100880,여성,40대,2021
U100881,여성,30대,2020
U100881,여성,30대,2021
U100882,남성,30대,2020
U100882,남성,30대,2021
U100883,남성,50대,2021
U100884,여성,40대,2020
U100884,여성,40대,2021
U100885,남성,10대,2020
U100885,남성,10대,2021
U100886,남성,20대,2020
U100886,남성,20대,2021
U100887,남성,20대,2020
U100887,남성,20대,2021
U100888,남성,40대,2020
U100888,남성,40대,2021
U100889,남성,40대,2020
U100889,남성,40대,2021
U100890,남성,50대,2020
U100890,남성,50대,2021
U100891,남성,30대,2020
U100891,남성,30대,2021
U100892,여성,20대,2020
U100892,여성,20대,2021
U100893,남성,20대,2020
U100893,남성,20대,2021
U100894,여성,30대,2020
U100894,여성,30대,2021
U100895,여성,20대,2020
U100895,여성,20대,2021
U100896,여성,20대,2020
U100896,여성,20대,2021
U100897,남성,30대,2020
U100897,남성,30대,2021
U100898,남성,40대,2020
U100898,남성,40대,2021
U100899,여성,20대,2020
U100899,여성,20대,2021
U100900,여성,10대,2020
U100900,여성,10대,2021
U100901,남성,20대,2020
U100901,남성,20대,2021
U100902,남성,20대,2020
U100902,남성,20대,2021
U100903,남성,40대,2020
U100903,남성,40대,2021
U100904,여성,30대,2020
U100904,여성,30대,2021
U100905,여성,40대,2020
U100905,여성,40대,2021
U100906,남성,30대,2020
U100906,남성,30대,2021
U100907,남성,50대,2020
U100907,남성,50대,2021
U100908,남성,30대,2020
U100908,남성,30대,2021
U100909,여성,50대,2021
U100910,여성,20대,2021
U100911,여성,30대,2021
U100912,남성,20대,2020
U100912,남성,20대,2021
U100913,남성,20대,2020
U100913,남성,20대,2021
U100914,여성,20대,2020
U100914,여성,20대,2021
U100915,여성,50대,2020
U100915,여성,50대,2021
U100916,남성,40대,2020
U100916,남성,40대,2021
U100917,여성,30대,2020
U100917,여성,30대,2021
U100918,남성,20대,2020
U100918,남성,20대,2021
U100919,여성,30대,2020
U100919,여성,30대,2021
U100920,남성,40대,2020
U100920,남성,40대,2021
U100921,남성,30대,2020
U100921,남성,30대,2021
U100922,여성,40대,2020
U100922,여성,40대,2021
U100923,남성,60대이상,2020
U100923,남성,60대이상,2021
U100924,남성,30대,2020
U100924,남성,30대,2021
U100925,남성,20대,2020
U100925,남성,20대,2021
U100926,남성,10대,2020
U100926,남성,10대,2021
U100927,여성,50대,2020
U100927,여성,50대,2021
U100928,남성,20대,2020
U100928,남성,20대,2021
U100929,남성,20대,2020
U100929,남성,20대,2021
U100930,여성,50대,2020
U100930,여성,50대,2021
U100931,남성,40대,2020
U100931,남성,40대,2021
U100932,남성,20대,2020
U100932,남성,20대,2021
U100933,여성,40대,2020
U100933,여성,40대,2021
U100934,여성,10대,2020
U100934,여성,10대,2021
U100935,남성,30대,2020
U100935,남성,30대,2021
U100936,남성,20대,2020
U100936,남성,20대,2021
U100937,여성,20대,2020
U100937,여성,20대,2021
U100938,여성,20대,2021
U100939,여성,40대,2020
U100939,여성,40대,2021
U100940,여성,40대,2020
U100940,여성,40대,2021
U100941,남성,30대,2020
U100941,남성,30대,2021
U100942,남성,20대,2020
U100942,남성,20대,2021
U100943,여성,50대,2020
U100943,여성,50대,2021
U100944,남성,50대,2020
U100944,남성,50대,2021
U100945,남성,20대,2020
U100945,남성,20대,2021
U100946,남성,20대,2020
U100946,남성,20대,2021
U100947,남성,30대,2021
U100948,남성,10대,2020
U100948,남성,10대,2021
U100949,남성,30대,2020
U100949,남성,30대,2021
U100950,남성,20대,2020
U100950,남성,20대,2021
U100951,남성,30대,2020
U100951,남성,30대,2021
U100952,남성,20대,2020
U100952,남성,20대,2021
U100953,남성,40대,2020
U100953,남성,40대,2021
U100954,남성,10대,2021
U100955,여성,50대,2020
U100955,여성,50대,2021
U100956,남성,10대,2020
U100956,남성,10대,2021
U100957,여성,20대,2020
U100957,여성,20대,2021
U100958,남성,30대,2020
U100958,남성,30대,2021
U100959,남성,50대,2020
U100959,남성,50대,2021
U100960,남성,40대,2020
U100960,남성,40대,2021
U100961,여성,20대,2020
U100961,여성,20대,2021
U100962,남성,20대,2020
U100962,남성,20대,2021
U100963,남성,30대,2020
U100963,남성,30대,2021
U100964,남성,30대,2020
U100964,남성,30대,2021
U100965,여성,20대,2020
U100965,여성,20대,2021
U100966,남성,40대,2020
U100966,남성,40대,2021
U100967,남성,30대,2021
U100968,남성,60대이상,2020
U100968,남성,60대이상,2021
U100969,여성,50대,2020
U100969,여성,50대,2021
U100970,여성,30대,2020
U100970,여성,30대,2021
U100971,여성,30대,2020
U100971,여성,30대,2021
U100972,남성,60대이상,2020
U100972,남성,60대이상,2021
U100973,남성,20대,2020
U100973,남성,20대,2021
U100974,남성,50대,2020
U100974,남성,50대,2021
U100975,여성,20대,2020
U100975,여성,20대,2021
U100976,여성,10대,2020
U100976,여성,10대,2021
U100977,남성,20대,2020
U100977,남성,20대,2021
U100978,여성,30대,2020
U100978,여성,30대,2021
U100979,남성,30대,2020
U100979,남성,30대,2021
U100980,여성,30대,2020
U100980,여성,30대,2021
U100981,남성,40대,2020
U100981,남성,40대,2021
U100982,남성,40대,2020
U100982,남성,40대,2021
U100983,여성,20대,2020
U100983,여성,20대,2021
U100984,남성,40대,2020
U100984,남성,40대,2021
U100985,여성,40대,2020
U100985,여성,40대,2021
U100986,남성,20대,2020
U100986,남성,20대,2021
U100987,여성,20대,2020
U100987,여성,20대,2021
U100988,남성,10대,2020
U100988,남성,10대,2021
U100989,남성,60대이상,2020
U100989,남성,60대이상,2021
U100990,남성,50대,2020
U100990,남성,50대,2021
U100991,남성,10대,2020
U100991,남성,10대,2021
U100992,남성,10대,2020
U100992,남성,10대,2021
U100993,여성,40대,2020
U100993,여성,40대,2021
U100994,여성,50대,2020
U100994,여성,50대,2021
U100995,남성,20대,2020
U100995,남성,20대,2021
U100996,남성,30대,2020
U100996,남성,30대,2021
U100997,남성,60대이상,2020
U100997,남성,60대이상,2021
U100998,여성,30대,2020
U100998,여성,30대,2021
U100999,남성,30대,2020
U100999,남성,30대,2021
U101000,남성,50대,2020
U101000,남성,50대,2021
U101001,남성,40대,2020
U101001,남성,40대,2021
U101002,남성,20대,2020
U101002,남성,20대,2021
U101003,남성,20대,2020
U101003,남성,20대,2021
U101004,남성,50대,2020
U101004,남성,50대,2021
U101005,남성,20대,2021
U101006,여성,30대,2020
U101006,여성,30대,2021
U101007,여성,30대,2020
U101007,여성,30대,2021
U101008,남성,40대,2020
U101008,남성,40대,2021
U101009,남성,30대,2020
U101009,남성,30대,2021
U101010,남성,40대,2020
U101010,남성,40대,2021
U101011,남성,40대,2020
U101011,남성,40대,2021
U101012,여성,30대,2021
U101013,남성,30대,2020
U101013,남성,30대,2021
U101014,남성,30대,2020
U101014,남성,30대,2021
U101015,여성,30대,2020
U101015,여성,30대,2021
U101016,남성,50대,2020
U101016,남성,50대,2021
U101017,남성,30대,2020
U101017,남성,30대,2021
U101018,여성,40대,2020
U101018,여성,40대,2021
U101019,여성,60대이상,2021
U101020,남성,50대,2020
U101020,남성,50대,2021
U101021,여성,30대,2020
U101021,여성,30대,2021
U101022,여성,30대,2020
U101022,여성,30대,2021
U101023,여성,40대,2020
U101023,여성,40대,2021
U101024,남성,20대,2020
U101024,남성,20대,2021
U101025,여성,10대,2020
U101025,여성,10대,2021
U101026,여성,40대,2020
U101026,여성,40대,2021
U101027,여성,50대,2020
U101027,여성,50대,2021
U101028,남성,30대,2020
U101028,남성,30대,2021
U101029,남성,50대,2020
U101029,남성,50대,2021
U101030,남성,40대,2020
U101030,남성,40대,2021
U101031,여성,30대,2020
U101031,여성,30대,2021
U101032,남성,30대,2020
U101032,남성,30대,2021
U101033,남성,40대,2020
U101033,남성,40대,2021
U101034,남성,40대,2020
U101034,남성,40대,2021
U101035,남성,50대,2020
U101035,남성,50대,2021
U101036,여성,30대,2020
U101036,여성,30대,2021
U101037,남성,20대,2020
U101037,남성,20대,2021
U101038,여성,50대,2020
U101038,여성,50대,2021
U101039,남성,40대,2020
U101039,남성,40대,2021
U101040,여성,20대,2020
U101040,여성,20대,2021
U101041,여성,40대,2020
U101041,여성,40대,2021
U101042,남성,30대,2020
U101042,남성,30대,2021
U101043,남성,30대,2020
U101043,남성,30대,2021
U101044,남성,40대,2020
U101044,남성,40대,2021
U101045,남성,30대,2020
U101045,남성,30대,2021
U101046,남성,40대,2020
U101046,남성,40대,2021
U101047,남성,10대,2020
U101047,남성,10대,2021
U101048,여성,20대,2020
U101048,여성,20대,2021
U101049,여성,40대,2020
U101049,여성,40대,2021
U101050,남성,50대,2020
U101050,남성,50대,2021
U101051,남성,30대,2020
U101051,남성,30대,2021
U101052,남성,20대,2020
U101052,남성,20대,2021
U101053,남성,50대,2020
U101053,남성,50대,2021
U101054,여성,40대,2020
U101054,여성,40대,2021
U101055,남성,20대,2020
U101055,남성,20대,2021
U101056,여성,30대,2020
U101056,여성,30대,2021
U101057,여성,30대,2020
U101057,여성,30대,2021
U101058,남성,50대,2020
U101058,남성,50대,2021
U101059,남성,20대,2020
U101059,남성,20대,2021
U101060,남성,10대,2020
U101060,남성,10대,2021
U101061,여성,30대,2020
U101061,여성,30대,2021
U101062,남성,20대,2021
U101063,남성,20대,2020
U101063,남성,20대,2021
U101064,남성,40대,2020
U101064,남성,40대,2021
U101065,남성,20대,2020
U101065,남성,20대,2021
U101066,남성,10대,2020
U101066,남성,10대,2021
U101067,남성,60대이상,2020
U101067,남성,60대이상,2021
U101068,남성,20대,2020
U101068,남성,20대,2021
U101069,남성,30대,2020
U101069,남성,30대,2021
U101070,여성,10대,2020
U101070,여성,10대,2021
U101071,여성,10대,2020
U101071,여성,10대,2021
U101072,남성,30대,2020
U101072,남성,30대,2021
U101073,남성,20대,2020
U101073,남성,20대,2021
U101074,남성,30대,2020
U101074,남성,30대,2021
U101075,남성,30대,2020
U101075,남성,30대,2021
U101076,남성,30대,2020
U101076,남성,30대,2021
U101077,남성,30대,2020
U101077,남성,30대,2021
U101078,여성,50대,2020
U101078,여성,50대,2021
U101079,여성,40대,2021
U101080,남성,30대,2020
U101080,남성,30대,2021
U101081,남성,20대,2020
U101081,남성,20대,2021
U101082,여성,60대이상,2020
U101082,여성,60대이상,2021
U101083,여성,30대,2020
U101083,여성,30대,2021
U101084,남성,30대,2020
U101084,남성,30대,2021
U101085,여성,30대,2020
U101085,여성,30대,2021
U101086,남성,30대,2021
U101087,여성,20대,2020
U101087,여성,20대,2021
U101088,남성,30대,2020
U101088,남성,30대,2021
U101089,남성,20대,2020
U101089,남성,20대,2021
U101090,여성,40대,2021
U101091,남성,40대,2020
U101091,남성,40대,2021
U101092,여성,20대,2020
U101092,여성,20대,2021
U101093,여성,20대,2020
U101093,여성,20대,2021
U101094,남성,10대,2020
U101094,남성,10대,2021
U101095,남성,40대,2020
U101095,남성,40대,2021
U101096,여성,30대,2020
U101096,여성,30대,2021
U101097,남성,30대,2020
U101097,남성,30대,2021
U101098,남성,30대,2020
U101098,남성,30대,2021
