품목코드,품목명,평균수주단가,Column 4
,,,
1.#JE+00,가쓰오다시국물900ml,,
11501122,조미액-갈릭라이스3kg,,
11501131,조미유-쉐프솔루션베이스볶음밥(시즌),,
11501133,조미액-소불고기볶음밥-JB/이랜드,,
11501135,한식베이스소스2kg,2100.4821429,
11501147,볶음베이스소스(2kg),2142.4310345,
13A00006,명인떡볶이소스,3538.7782805,
13A00010,시아스떡볶이양념소스,4820.1469705,
13A00013,맘스양념소스2kg,2264.1185647,
13A00015,에디슨양념치킨소스3.2kg,5436.707265,
13A00034,매운바베큐소스,2712.7848101,
13A00041,간장양념치킨소스2kg,2166.3658838,
13A00081,비비큐소스,6252.7160494,
13A00305,PALAMA KALBI SAUCE,6824.3119403,
13A00343,샘표갈비소스964g,2012.3353659,
13A00347,샘표불고기소스964g,2064.5157895,
13A00350,명인덮밥소스,3724.3356643,
13A00353,명인순두부소스2kg,4345.9333333,
13A00357,치킨강정용소스2kg,6386.010038,
13A00388,우뜸뼈해장국소스,4510.0334448,
13A00408,샘표목포낙지볶음소스,850.66666667,
13A00410,샘표안동찜닭소스,832.17391304,
13A00418,시아스떡볶이양념소스-1,385.47263682,
13A00421,다용도볶음조림소스305g,1100,
13A00422,멸치볶음소스300g,950,
13A00424,샘표춘천닭갈비소스,885.48387097,
13A00425,샘표대구매운갈비찜소스,870.65217391,
13A00431,칠리마늘소스,4674.3421053,
13A00433,매콤깐풍소스-R,2881.0511364,
13A00439,샘표불고기소스900g-광구,1722.4871795,
13A00440,샘표갈비소스900g-광구,1783.5185185,
13A00441,샘표핫갈비소스900g-광구,1956.244898,
13A00442,샘표잘익은고추장에생야채가득비빔국수,1403.1333333,
13A00443,샘표잘익은고추장에상큼한레몬초고추장,990.46511628,
13A00444,샘표매콤한떡볶이소스,611.39465875,
13A00445,오리엔탈소스-R,2700,
13A00448,오꼬노미야끼소스,2967.8832117,
13A00451,오리엔탈소스100g,0,
13A00454,매운맛드레싱305g-수출,750,
13A00455,소불고기양념장600g-수출,0,
13A00456,소불고기양념장305g-수출,0,
13A00469,돼지불고기양념장310g-수출,0,
13A00477,샘표불고기소스300g,904.80882353,
13A00478,샘표갈비소스300g,912.86363636,
13A00479,샘표핫갈비소스300g,852.11111111,
13A00480,샘표불고기소스500g,1249.8,
13A00481,샘표갈비소스500g,1083.3,
13A00483,샘표불고기소스900g,1802.48,
13A00484,샘표갈비소스900g,1668.1111111,
13A00486,맛탕소스-E,2296.2918178,
13A00489,샘표불고기양념500g-중국,2025,
13A00490,샘표갈비양념500g-중국,2025,
13A00492,샘표무교동오징어낙지볶음소스,843.83561644,
13A00493,샘표불고기소스300g-캐나다,853.4,
13A00494,샘표갈비소스300g-캐나다,854.70588235,
13A00496,안동찜닭양념210g,814.10189573,
13A00498,춘천닭갈비양념180g,824.10185185,
13A00499,대구매운갈비양념200g,865.23076923,
13A00505,샘표불고기소스300g-신캐나다,938.58208955,
13A00506,샘표갈비소스300g-신캐나다,937.62686567,
13A00512,샘표 HOT KALBI SAUCE964g(미국수출),2605,
13A00513,샘표 BULGOGI SAUCE964g(미국수출),2386,
13A00514,샘표 KALBI SAUCE964g(미국수출),2388,
13A00515,달콤한떡볶이소스,627.42647059,
13A00519,샘표갈비소스327g,1055,
13A00520,샘표불고기소스327g,1051,
13A00526,무교동오징어낙지볶음양념130g,684.95121951,
13A00541,쌀국수육수2kg,3446.8960517,
13A00545,해물맛육수2kg,4877.1407186,
13A00563,샘표갈비소스300g-호주,1023,
13A00564,샘표불고기소스300g-호주,1033.9411765,
13A00565,샘표핫갈비소스300g-호주,1052.1111111,
13A00576,오리지널강정소스,0,
13A00579,샘표갈비소스300g-독일,1063.1111111,
13A00580,샘표불고기소스300g-독일,1001.9459459,
13A00581,샘표핫갈비소스300g-독일,1174.1666667,
13A00583,샘표매콤한떡볶이스소140g-미국,628.07692308,
13A00586,샘표불고기소스840g-미국,2489.7142857,
13A00587,샘표갈비소스840g-미국,2504,
13A00588,샘표핫갈비소스840g-미국,2741.2727273,
13A00589,샘표불고기소스900g-NEW(캐나다),1755.8333333,
13A00590,샘표갈비소스900g-NEW(캐나다),1868.1034483,
13A00591,샘표핫갈비소스900g-NEW(캐나다),2082.5972222,
13A00594,칠리마늘소스50g(컵),244.31818182,
13A00595,비빔장360g,1389.6505576,
13A00598,불고기소스225g,1127.5,
13A00608,멸치칼국수액상스프35g,172.72727273,
13A00627,단팥퐁듀소스3kg-E,8488.3333333,
13A00635,불고기소스-M(2kg),5837.8956743,
13A00637,홈스타일소불고기양념,952.53656702,
13A00638,홈스타일갈비찜양념,952.02424702,
13A00639,홈스타일돼지불고기양념,952.47496263,
13A00643,갈치조림용양념,600,
13A00645,요리하다소갈비양념장(롯데),713,
13A00649,요리하다고등어조림양념(롯데),817,
13A00650,요리하다고추장불고기양념(롯데),779.125,
13A00652,간편고추장소스,0,
13A00653,간편간장소스,0,
13A00655,이지쿡간장소스295g,1177,
13A00657,볶음양념E,3200.6451613,
13A00661,남대문갈치조림양념200g/신,753.4962406,
13A00662,안동찜닭양념210g/신,809.51351351,
13A00663,춘천닭갈비소스180g/신,815.47619048,
13A00667,떡볶이양념E 2kg,2464.5486111,
13A00672,규카츠간장소스,2700,
13A00681,대학가불닭바베큐양념110g,520.28571429,
13A00685,냉면육수베이스,3691.0968992,
13A00688,초고추장E 200g,879.83090379,
13A00690,자이언트매콤달콤소스,230,
13A00700,고추장양념,3657.3121387,
13A00701,마왕소스(순한맛),3985.5431475,
13A00702,마왕소스(매운맛),3979.3283918,
13A00706,초고추장E 100g,450,
13A00709,볶음밥용매콤소스,0,
13A00720,매콤떡볶이소스,1265,
13A00724,샘표순두부찌개양념,480,
13A00725,샘표강된장양념,447.97959184,
13A00733,김피라소스,5210,
13A00734,매운탕양념,550,
13A00737,초고추장H,901.01538462,
13A00738,갈비양념(홈플),1304.1011236,
13A00739,고추장불고기양념(홈플),1376.4371585,
13A00740,닭볶음탕양념(홈플),1324,
13A00743,샘표떡볶이스소150g-일본,550.1754386,
13A00749,갈비양념(증정용),2339.56,
13A00751,샘표갈비양념300g(핀란드),4783.3333333,
13A00752,샘표불고기양념300g(핀란드),5243.0769231,
13A00757,쌀국수용육수T,1971,
13A00763,제육소스,3013.5135135,
13A00764,간장주물럭소스,2900,
13A00772,콘베이스E,3383.9310345,
13A00778,닭볶음탕소스H,3150,
13A00798,요리가맛있어지는비법간장소스,1154.0618557,
13A00808,소불고기소스-H,1846.8468468,
13A00815,쭈부다대기,4900,
13A00822,부대찌개육수T,1188.5895404,
13A00824,신당동떡볶이소스,1275,
13A00835,닭갈비양념D,2530,
13A00838,순대볶음육수T,1738.4868421,
13A00853,물회용육수350g,949.07677357,
13A00854,물회용육수500g,974.57489879,
13A00857,매콤한대파소스,240,
13A00877,팔도만능비빔장,1879.6440678,
13A00881,안동찜닭양념210g/신(별미),774.12328767,
13A00893,닭갈비양념S 10kg,2940,
13A00897,감자탕육수-T,1450,
13A00902,수원왕갈비식소스J,2625,
13A00910,팔도만능비빔장(수출용),2030.0666667,
13A00914,김치베이스소스,2050,
13A00922,샘표불고기소스500g,1050.4482759,
13A00925,샘표갈비소스500g,1254,
13A00926,팔도만능비빔장3kg,10784.4,
13A00948,김민교의사와디밥특제소스(195g),1070,
13A00950,비빔밥용고추장소스,1256.0789474,
13A00962,부대찌개육수,892.30769231,
13A00981,진미채양념,1023.6,
13A00984,(20년)물회용육수350g,950,
13A00987,(20년)물회용육수1.5kg,1866.6666667,
13A00991,소불고기소스H,980,
13A01010,명인냉쫄소스,3551.5972222,
13A01012,닭갈비소스,3647.6842105,
13A01035,부대찌개용소스,5409.5759424,
13A01042,오뎅소스-R,3377.8967538,
13A01043,오뎅소스-R(자사),3627.2727273,
13A01054,샘표갈비소스540g-미국,1622.2352941,
13A01067,고추장치킨소스325g,1264.5901639,
13A01068,간장치킨소스325g,1155.7894737,
13A01069,샘표핫갈비소스540g-미국/6개입,1750,
13A01070,샘표불고기소스540g-미국/6개입,1600,
13A01072,명인쫄면소스(2kg),3576.7105263,
13A01089,샘표불고기양념300g(수출용),781.52941176,
13A01094,간장볶음소스,1200,
13A01095,속초닭강정소스(샘표),1151.0714286,
13A01107,김치삼각밥용 볶음T,0,
13A01108,밀푀유나베육수T,1839.7476341,
13A01129,샘표불고기양념 900g(수출용-캐나다)12개입,1580.25,
13A01136,팔도비빔장시그니처380g 2개입,4260,
13A02006,스마트이팅식이섬유소갈비양념,1646.4197531,
13A02008,스마트이팅식이섬유돼지갈비양념,1671,
13B00018,자몽오렌지칵테일베이스,3817.2716628,
13B00043,오렌지생맥주베이스1kg,3493.6090226,
13B00047,흑초차베이스,1918.3333333,
13B00049,비타키위칵테일베이스,3874.7572816,
13B00050,비타복분자딸기칵테일베이스,3888.358209,
13B00056,짚쌩비타파인애플베이스,3665.7824934,
13B00057,짚쌩뉴비타복분자베이스,10524.80315,
13B00059,감귤칵테일베이스,4099.5918367,
13B00064,모히토칵테일베이스,3562.1052632,
13B00084,모히토칵테일베이스-2,3346.3261649,
13B00085,생과일복분자딸기베이스,5090.8701854,
13B00121,카페베네프라페노믹스,8037.1428571,
13B00126,코코넛베이스,6454.130137,
13B00129,깔라만시,3229.9426621,
13B00131,떼루와망고베이스,7491.3793103,
13B01004,키위쿨라타,4270.1388889,
13B01007,애플민트향에이드,2390.5329154,
13B01009,메론에이드,3137.3333333,
13B02000,망고블라스트,7490,
13C00001,신세기짜장소스,2914.2857143,
13C00002,흑마늘탕수육소스,2781.6326531,
13C00014,탕수소스-이랜드,1925.9622642,
13C00015,양장피소스T,389.52264382,
13C00019,염지용소스,4205.8278146,
13C00031,노브랜드짜장덮밥소스/14일에이징출고,,
13C01036,바다향굴소스,7207.2421827,
13C01040,탕수소스140g,446.69421488,
13C01057,짬뽕소스JB 2kg (분리액상),4802.4586777,
13C01064,참깨베이스,76.315789474,
13C01067,매콤쌈장 (korean spicy soybean paste)(수출용),1466.6666667,
13D01020,케이준샐러드드레싱,5058.93627,
13D01108,용블루베리드레싱,3372.3214286,
13D01138,파인애플드레싱-E,4237.1944502,
13D01143,요거트드레싱,4003.9262633,
13D01149,요리愛[애]허니머스타드소스,1461.9016393,
13D01150,요리愛[애]사우전아일랜드드레싱,1685.6451613,
13D01156,시아스오리엔탈소스,5032.5482288,
13D01157,이마트1000아일랜드드레싱540g,1596.7721064,
13D01161,치킨샐러드드레싱,2633.9782346,
13D01164,케이준드레싱골드,4010.5357143,
13D01165,사우전아일랜드-K,2716.2740385,
13D01166,핫베이컨드레싱,2953.7651332,
13D01167,이마트그린키위드레싱580g,3042.3062645,
13D01168,이마트블루베리드레싱590g,3170.7063277,
13D01169,이마트프리미엄참깨드레싱550g,3218.9017632,
13D01170,KFC마요드레싱3kg,1357.9365079,
13D01172,레드와인드레싱,2644.4117647,
13D01173,오리엔탈소이소스,3369.7674419,
13D01180,트레이더스가쓰오다시국물,7390,
13D01181,메론드레싱,3389.2414391,
13D01186,오리엔탈드레싱280g,975,
13D01188,오리엔탈레몬소스,692.13483146,
13D01191,시아스발사믹드레싱,3798.1609195,
13D01193,스위트마요소스,2500,
13D01194,발사믹드레싱100g,535.12,
13D01195,KFC마요소스,1450,
13D01198,프리미엄키위드레싱,6262.5471698,
13D01199,프리미엄파인애플요거트드레싱,6311.7948718,
13D01202,요리愛(애)사우전아일랜드드레싱260g,2348.4335309,
13D01203,허니요거트드레싱네이처,7253.5993226,
13D01205,뉴만다린오렌지드레싱,3081.2,
13D01210,이마트파인애플드레싱335g,2254,
13D01212,이마트오리엔탈드레싱270g,1790,
13D01213,이마트케이준드레싱330g,2250,
13D01214,Sias유자드레싱1025g,4619.7287174,
13D01218,시아스올리브유오리엔탈드레싱975g,5399.8822093,
13D01219,한식요리에잘어울리는오리엔탈드레싱270g,2057.8947368,
13D01220,상큼한발사믹초넣은발사믹드레싱275g,2195.3478261,
13D01221,갈릭소스-M,2960.2649007,
13D01222,케이준소스-M,3134.9206349,
13D01235,프리미엄오리엔탈드레싱1kg,5539.0413943,
13D01245,유자샐러드소스240g,1177.6440678,
13D01253,우아한1000아일랜드드레싱320g,1589,
13D01254,ORGA키위드레싱270g,1708,
13D01256,ORGA감귤드레싱275g,1678,
13D01260,유자샐러드소스-N 235g,1194.7022472,
13D01266,우아한오리엔탈드레싱270g,1704.6880597,
13D01267,우아한키위드레싱345g,2145.4943311,
13D01269,자연드림시저드레싱,2085.3658537,
13D01276,자연드림사우전아일랜드드레싱(260g),2365,
13D01279,시져소스T,519.00763359,
13D01280,유자발사믹소스E 2kg,4471.1111111,
13D01285,홈스타일발사믹드레싱,1830,
13D01286,홈스타일오리엔탈드레싱,1830,
13D01293,화이트와인비네거드레싱엔쵸비235g,1066.3354037,
13D01296,발사믹겨자소스JB,1056,
13D01305,이탈리안스타일드레싱엔쵸비,1149.5495495,
13D01308,정성담은사우전아일랜드드레싱(260g),2363.5676768,
13D01309,시저드레싱,601,
13D01313,정성담은발사믹드레싱(245g),1815,
13D01319,딸기요거트드레싱-N 235g,1340.9809886,
13D01320,플레인요거트드레싱-N 235g,1220.952912,
13D01321,사과요거트드레싱-N 235g,1284.0469543,
13D01324,CITRON DRESSING(냉장출고보관),5062.5,
13D01325,ORIENTAL DRESSING,3650,
13D01326,홈플러스시그니처키위드레싱,548.84453782,
13D01327,홈플러스시그니처발사믹드레싱,548.91089109,
13D01328,홈플러스시그니처오리엔탈드레싱,548.93410853,
13D01334,리얼과일한라봉&감귤저지방드레싱240g,1389.3133462,
13D01335,리얼과일애플망고저지방드레싱240g,1114,
13D01337,허니머스타드소스100g,360,
13D01340,곰곰오리엔탈드레싱,2450,
13D01341,곰곰참깨드레싱,2450,
13D01344,(21년)사과요거트드레싱-N,1283,
13D02060,레몬갈릭소스,937.39122591,
13D02080,참깨흑임자드레싱,888.6055814,
13D02094,스위트머스타드드레싱,919.82003647,
13D02103,참깨흑임자드레싱2kg,5380.7323299,
13D02111,아몬드호두드레싱,983.22028581,
13D02133,세서미오리엔탈드레싱115g,580.87912088,
13D02138,세서미오리엔탈드레싱2kg,8925.8372229,
13D02139,크리미시저드레싱,1391.8036086,
13D02140,세서미오리엔탈드레싱,1126.3717105,
13D02141,올리브유발사믹드레싱,1044.9831516,
13D02142,참깨흑임자드레싱100g,526.27003699,
13D02149,1/2샐러드소스 키위,1125.3306452,
13D02150,1/2샐러드소스 파인애플,1121.0138662,
13D02151,1/2샐러드소스 스트로베리,977.40999057,
13D02152,올리브유발사믹드레싱105g,598.30131004,
13D02156,오리엔탈드레싱225g,1108.719764,
13D02157,참깨흑임자드레싱495g,2113.0555556,
13D02159,올리브유발사믹드레싱525g,2462.3141361,
13D02160,1/2샐러드소스 키위115g,662.42574257,
13D02161,참깨흑임자드레싱105g,546.04324324,
13D02162,오리엔탈드레싱115g,643.90943194,
13D02163,스위트머스타드드레싱510g,2449.9883041,
13D02164,아몬드호두드레싱495g,2564.4164306,
13D02165,레몬갈릭소스,921.13429603,
13D02166,참깨흑임자드레싱,913.54565217,
13D02167,스위트머스타드드레싱,1025.6619339,
13D02168,아몬드호두드레싱,1088.4725926,
13D02169,1/2샐러드소스스트로베리,988.97793852,
13D02170,1/2샐러드소스파인애플,1128.9701731,
13D02171,1/2샐러드소스키위,1144.2763648,
13D02172,크리미시저드레싱,1414.18,
13D02173,올리브유발사믹드레싱,1047.7702517,
13D02174,세서미오리엔탈드레싱,1129.4832861,
13D02175,오리엔탈드레싱,1132.3448718,
13D02176,참깨흑임자드레싱100g,528,
13D02177,올리브유발사믹드레싱105g,600.74226804,
13D02180,허니요거트드레싱240g,1211.5723173,
13D02181,들깨드레싱235g,1279.7203166,
13D02186,아몬드호두110g,696.18336608,
13D02187,스위트머스타드110g,659.12075718,
13D02188,스위트머스타드-P,1062.1895846,
13D02189,아몬드호두드레싱-P,1135.2635702,
13D02190,참깨흑임자드레싱-P,943.01328374,
13D02191,올리브유발사믹드레싱-P,1072.7495899,
13D02192,쉐프메이드오리엔탈드레싱,1103.4519075,
13D02193,레몬갈릭소스-P,938.20809899,
13D02194,크리미시저-P,1545.6141414,
13D02195,쉐프메이드세서미오리엔탈,1098.8493392,
13D02196,1/2스트로베리샐러드소스-P,1080.432377,
13D02197,1/2키위샐러드소스-P,1238.2154595,
13D02198,1/2파인애플샐러드소스-P,1209.0901587,
13D02200,쉐프메이드오리엔탈드레싱550g,2440.325,
13D02201,스위트머스타드-P 510g,2462.4357767,
13D02203,아몬드호두드레싱-P 495g,2596.8159635,
13D02209,요리愛오리엔탈드레싱,2521.4724165,
13D02212,참깨흑임자드레싱-E,5147.9447633,
13D02215,올리브유발사믹드레싱2kg,8950.0026771,
13D02217,크리미시저드레싱2kg,12649.274378,
13D02230,쉐프메이드오리엔탈드레싱550g(빅마켓),2467.9402299,
13D02236,ORGA흑임자드레싱250g,1576.4516129,
13D02238,오리엔탈드레싱-N 240g,1103.6493956,
13D02241,올리브유발사믹드레싱-N 235g,1088.2271062,
13D02242,들깨드레싱-N 230g,1215.7920792,
13D02243,키위저지방샐러드소스-N 235g,1293.7152026,
13D02244,골드파인애플&골드키위저지방샐러드-N 235g,1350.4803279,
13D02246,딸기저지방샐러드소스-N 230g,1147.7496813,
13D02247,참깨&흑임자드레싱-N 220g,946.02586036,
13D02248,허니머스타드드레싱-N 230g,1075.4879906,
13D02249,아몬드&호두드레싱-N 225g,1150.7954968,
13D02250,레몬갈릭샐러드소스-N 245g,929.56094022,
13D02265,오리엔탈드레싱-N 240g(수출용),1099.1020408,
13D02269,크리미양파드레싱,3100,
13D02270,발사믹올리브유드레싱525g,2088.3990986,
13D02271,골드파인애플&골드키위저지방샐러드소스525,2889.3081937,
13D02273,흑참깨드레싱E,2159.7209302,
13D02274,클래식시저드레싱220g,1559.063989,
13D02277,참깨&흑임자드레싱-N 495g,2089.9793205,
13D02278,참깨&흑임자드레싱-N 105g,545.55657709,
13D02279,허니머스타드드레싱-N 510g,2363.6826347,
13D02280,허니머스타드드레싱-N 110g,656.57866462,
13D02281,아몬드&호두드레싱-N 495g,2502.7848101,
13D02282,아몬드&호두드레싱-N 110g,694.58810241,
13D02283,키위저지방샐러드소스-N 115g,665.59569562,
13D02284,오리엔탈드레싱-N 550g,2301.9509757,
13D02285,오리엔탈드레싱-N 115g,633.03235014,
13D02286,발사믹올리브유드레싱235g,1085.889686,
13D02292,정성담은오리엔탈드레싱(240g),2175.4578166,
13D02293,정성담은흑임자드레싱(220g),2090.9549696,
13D02308,발사믹올리브유드레싱110g,657.73684211,
13D02309,레몬갈릭샐러드소스-N 110g,684.14402174,
13D02310,키위샐러드소스-N 520*2,5916.7025496,
13D02311,아몬드&호두드레싱-N 495*2,4903.5512465,
13D02322,플레인요거트드레싱-N 110g,680.14962594,
13D02328,(20년)참깨&흑임자드레싱-N105g,518.53121019,
13D02329,(20년)허니머스타드드레싱-N110g,660.10215827,
13D02330,(20년)아몬드&호두드레싱-N110g,697.17033774,
13D02332,(20년)레몬갈릭샐러드소스-N110g,643.65583456,
13D02334,(20년)키위저지방샐러드소스-N235g,1325.704,
13D02335,(20년)골드파인애플&골드키위저지방샐러드-N 235g,1399.9932024,
13D02336,(20년)참깨&흑임자드레싱-N220g,955.75553797,
13D02337,(20년)골드파인애플&골드키위저지방샐러드-N(이마트),1379.5504979,
13D02338,(20년)허니머스타드드레싱-N230g,1073.3030547,
13D02339,(20년)아몬드&호두드레싱-N225g,1163.1856459,
13D02340,(20년)레몬갈릭샐러드소스-N245g,930.05477707,
13D02341,(20년)클래식시저드레싱220g,1544.6710088,
13D02342,(20년)아몬드&호두드레싱-N495*2,4920.2751092,
13D02344,(20년)골드파인애플&골드키위저지방샐러드소스525,2895.1083591,
13D02345,(20년)참깨&흑임자드레싱-N495g,2010.1055635,
13D02346,(20년)허니머스타드드레싱-N510g,2210.0887918,
13D02347,(20년)아몬드&호두드레싱-N495g,2360.0994236,
13D02348,(20년)키위샐러드소스-N 520*2,5921.3589744,
13D02349,(20년)키위샐러드소스-N 520,2719.1061538,
13D02350,(20년)키위저지방드레싱115g,668,
13D02351,(20년)키위저지방드레싱235g,1323.1532779,
13D02356,(쿠팡)DELICIOUS오리엔탈드레싱,4840,
13D02365,(기획세트)발사믹올리브유드레싱235g,,
13D02366,(기획세트)(20년)참깨&흑임자드레싱-N220g,,
13D02367,(연결링)(20년)아몬드&호두드레싱-N495g*2ea,4920,
13D03020,시아스키위드레싱,3410.1034721,
13D03082,딸기드레싱,3179.4372858,
13D03085,포도씨유로만든키위드레싱540g,5951.3709677,
13D03086,포도씨유로만든파인애플드레싱545g,5776.1538462,
13D03087,포도씨유로만든파인요거트드레싱495g,5849.0526316,
13D03088,포도씨유로만든블루베리드레싱540g,4302.8571429,
13D03090,렌치드레싱485g,3075,
13D03091,참깨&아몬드드레싱495g,1955.5555556,
13D03094,챔키위드레싱240g,929.06735751,
13D03095,챔케이준드레싱250g,936.42361111,
13D03096,네네피자렌치드레싱,3487.1259843,
13D03097,챔케이준드레싱100g,490,
13D03106,홈스타일참깨드레싱,1830,
13D03109,에땅랜치소스1kg,4586.4434877,
13D03113,홈플러스시그니처참깨드레싱,548.73271889,
13D03114,딜리소스매콤참깨드레싱,0,
13D04018,사쿠사쿠머스타드소스30g,2485.9421374,
13D04104,키위드레싱골드,4783.3865841,
13D04105,요거트드레싱골드,5259.0270644,
13D04106,허니머스타드소스골드,3727.7004866,
13D04107,바른선허니머스타드소스2kg,6534.1424106,
13D04109,바른선요거트드레싱2kg,6321.5869312,
13D04125,카츠젠사우전아일랜드드레싱2kg,2600.9756098,
13D04126,홈스타일1000아일랜드드레싱,1830,
13D04133,홈플러스시그니처허니머스터드드레싱,548.85654886,
13D08030,시아스칠리소스2kg,4112.1296624,
13D08032,시아스칠리소스12g,45.781376147,
13D08040,칠리소스-엠피(1kg),2800.2078522,
13D08044,핫도그미트칠리소스-T,5389.5021038,
13D08055,멕시칸풍비프칠리소스,414.55307692,
13D16014,칠리핫소스,2021.1864407,
13D16015,기로스머스타드소스,2203.2894737,
13D19002,1/2플레인소스-현미유,,
13D19003,플레인소스-현미유,,
13D19004,플레인소스/현미유(중국산),,
13F99002,샘표안동찜닭양념3팩지함,2479.425,
13G01003,데리야끼소스-E,3332.5845448,
13G01005,매운데리야끼소스-R,2435.9489051,
13G01010,일식데리야끼소스,4309.0574497,
13G01015,일식데리야끼소스100g,408,
13G01021,마늘간장소스-R,2996.0227273,
13G01029,고베데리야끼소스,2348.1057898,
13G01036,데리야끼소스1.02kg(수출),3315,
13G02002,맘스스위트양념소스,2065.2173913,
13G02010,맘스터치오리진파닭소스,3152.9850746,
13G02013,칠리양념치킨소스,2503.7037037,
13G02028,매운후라이드양념소스-수출,3101.875,
13G02046,60계매운양념치킨소스,4513.0448558,
13G02051,자연드림양념치킨소스(320g),2640,
13G02056,60계옛날양념치킨소스,3081.565371,
13G02059,하송양념치킨소스,3650,
13G02060,깐풍기용소스,3797.8125,
13G02069,정성담은양념치킨소스(320g),2629.9268321,
13G02073,닭강정소스T,6200,
13G02078,dip양념치킨소스/하림,215,
13G02082,깐풍치킨버거용소스,2748.2233503,
13G02091,(닭강정)수원왕갈비맛소스,2886.25,
13G02093,양념치킨소스E,2450,
13G02094,옛날양념치킨소스,2375,
13G02103,시아스강정소스,3156.9364162,
13K01070,시아스고구마소스,2544.3531828,
13K01101,용돈까스소스M,1668.8188976,
13K01115,시아스핫칠리소스,4345.6229561,
13K01219,함박스테이크소스-H1kg,2173.4579439,
13K01244,원할머니기자미소스,2000.2024291,
13K01248,시아스핫립소스,3308.4782609,
13K01272,명인돈까스소스,2662.2201139,
13K01273,초대리-B 20kg,22190.713725,
13K01275,갈릭레몬소스,2943.7219731,
13K01276,로스트소스,2092.6829268,
13K01295,갈릭스테이크소스,7016.4325163,
13K01304,데미그라스소스-P,4282.5905081,
13K01310,일식돈까스소스,5793.8946673,
13K01312,서비스면양념장,3890.9090909,
13K01317,포타이땅콩소스,4220,
13K01318,포타이퍼싸오소스,6671.35,
13K01321,나가사키베이스,2193.837535,
13K01324,프렌치살몬소스30g,142.14285714,
13K01330,초밥액-W,1766.25,
13K01340,치즈밥용빨강소스-R,3446.051168,
13K01341,사이다,,
13K01362,바베큐폭찹소스,3633.7110482,
13K01366,디엔짬뽕소스,6050,
13K01370,오니언소스,0,
13K01410,레드와인소스1kg,24.615384615,
13K01413,치커리샐러드용소스,1942.0408163,
13K01423,쌈장소스235g,1244,
13K01424,고추장소스240g,1324.4444444,
13K01427,스윗갈릭소스,4633.6764706,
13K01435,타카마살라카레베이스190g,1296.6148592,
13K01439,허니머스타드소스-T,458.99453552,
13K01444,마크니커리소스,1192.7586207,
13K01451,선진매콤칠리소스,0,
13K01457,마왕갈릭족발용소스,3178.4859155,
13K01476,선진데미그라스소스15kg,0,
13K01488,베트남식쌀국수육수,541.81953396,
13K01489,우나기소스1.12kg(수출),3765,
13K01500,딜리소스갈릭스테이크,0,
13K01501,SIAS어니언크림소스(냉장보관후출고),3900,
13K02080,시아스살사소스,5303.1305033,
13K02090,스위트칠리소스-M,2657.7248322,
13K02119,파인애플칵테일베이스,3890.1408451,
13K02120,석류사과칵테일베이스,3883.5543767,
13K02151,레드번용소스,3400,
13K02161,할라피뇨살사소스,3140.1315789,
13K03101,크림소스,2848.989899,
13K03115,시아스찹스테이크소스1kg,3723.0519798,
13K03126,크라제바베큐소스-K290g,1250,
13K03128,크라제바베큐소스18kg,2265.2356021,
13K03131,빠네크림소스T,5286.9977305,
13K03132,어니언크림소스-S,3539.9908257,
13K03133,해물파스타용크림소스,3900,
13K03136,선진찹스테이크소스,0,
13K03138,빠네크림소스G,4241.6666667,
13K03141,선진어니언크림소스,0,
13K03150,양송이크림리조또용소스(100g),510,
13L00001,자연드림 상큼한 토마토케찹,14605.888422,
13L00005,토마토케찹18kg,12969.399462,
13L00006,자연드림 상큼한 토마토케찹595g,4253.5071542,
13L00007,토마토케찹2kg,1446.1593231,
13L00008,토마토케찹자사용,,
13L00010,토마토케찹153kg,891.76470588,
13L00014,싱싱한토마토로만든맛이진한토마토케첩600g,3226.1333333,
13L00015,네네토마토케첩153kg,871.1875,
13L00019,자연드림 상큼한 토마토케찹280g,2363.6700337,
13L00023,루솔유기농토마토케첩,1400,
13L00024,상큼한토마토케찹18kg,,
13L00026,상큼한토마토케찹(595g),4411,
13L00028,건강하게키운토마토로만든유기농토마토케첩,2081.8684211,
13L00029,정성담은토마토케찹(280g),2424.8482328,
13L00030,정성담은토마토케찹(595g),4443.4455645,
13L00038,정성담은토마토케찹595g (1),4466,
13L01001,이마트 야채케챱600g,1614.9096189,
13L01002,이마트 야채케챱295g,897.39277636,
13P01020,미스터피자살사소스엠피,4274.3866157,
13P01040,임실앤치즈피자소스,6751.0283092,
13P01086,예스피자소스G,1980.313253,
13P01222,피자소스-H,2647.1698113,
13P01225,임실치즈피자소스골드-S,2756.9828571,
13P01227,하임피자소스2kg,2831.4141414,
13P01228,상큼한피자소스,6851.3316456,
13P01230,네네피자피자소스,2290.8843537,
13P01240,시아스피자소스-S,5554.521103,
13P01241,요리愛[애]상큼한피자소스,6929.544137,
13P02106,미스터피자피자소스엠피,4747.935625,
13P02113,스위트피자소스,3149.5384615,
13P03010,시아스피자소스,2835.3122821,
13P04010,임실치즈피자소스,2440.1079365,
13P05010,이석민피자소스,1940.8405797,
13P05021,이석민피자소스(파우치),2450,
13P22102,핸드피자소스,1771.6374269,
13R01080,핫바베큐소스,5769.6754777,
13R01090,스파이시B.B.Q소스,2962.601626,
13R01092,할라피뇨바베큐소스-S,3253.1801331,
13R01099,바베큐소스 엘20kg,196.92307692,
13R01117,맛을더해주는허브바베큐소스285g,1371.8918919,
13R01119,조이푸드할라피뇨바베큐소스18kg,3155.125,
13R01135,오리지날소스,2500,
13R02051,이마트베스트돈까스소스,1047.2182626,
13R02052,이마트베스트스테이크소스,1063.1720413,
13R02053,이마트베스트허브칠리소스,1333.8743826,
13R02054,이마트베스트머스타드소스,1201.848653,
13R02055,이마트베스트타르타르소스,1114.2724551,
13R02056,이마트베스트콜슬로우드레싱,1111.1844824,
13R02057,이마트베스트허브바베큐소스,1292.5999557,
13R02058,이마트베스트핫칠리소스,1249.79776,
13R02060,Sias허브칠리소스1080g,5158.9965458,
13R04004,스마트이팅1/2나트륨돈까스소스,1035.984291,
13R04005,베스트셀렉트돈까스소스565g,2065.6019262,
13R04009,돈까스소스1.95kg,2064.4970254,
13R04013,이마트돈까스소스600g,1206.849214,
13R04015,이마트베스트돈까스소스50g,169.53526517,
13R04022,새콤달콤한돈가스소스360g,1903.1481481,
13R04024,오리지널멘츠카츠소스,0,
13R04025,맛을더해주는돈까스소스565g,2053.7834983,
13R04026,맛을더해주는돈까스소스280g,1079.5221724,
13R04032,돈까스소스2kg(파우치),2147.8334895,
13R04035,사과와파인애플을넣은돈가스소스,1985.055,
13R04036,노브랜드돈까스소스,1388,
13R04041,달인돈까스소스,1502.4096386,
13R04042,(쿠팡)DELICIOUS돈까스소스,4902.9041096,
13R04043,남산왕돈까스소스(냉장보관 후 출고),5190,
13R04049,,2200,
13R05021,핫페퍼소스1kg,3665.6862745,
13R05025,BK디아블로소스(1kg),3859.9732143,
13R07007,스마트이팅칼로리를줄인허브칠리소스,1377.156031,
13R07008,베스트셀렉트허브칠리595g,2358.2278115,
13R07014,리치핫칠리소스1kg,2997.0588235,
13R07020,칠리소스-R,2766.8154762,
13R07032,스윗칠리소스-M,3059.602649,
13R07036,맛을더해주는허브칠리소스295g,1483.1164994,
13R07037,맛을더해주는핫칠리소스290g,1342.0208309,
13R07048,허닭스위트칠리소스,1350,
13R07050,노브랜드핫칠리소스,1661,
13R07051,노브랜드허브칠리소스,1745,
13R07052,정성담은칠리소스(245g),2089.6539735,
13R07054,쌀국수용칠리소스T 100g,747.80058651,
13R07056,핫칠리소스E,200.23076923,
13R08002,타르타르소스골드2kg,5330.4850693,
13R08006,사쿠사쿠드레싱,2204.1420118,
13R08008,부드럽고상큼한맛이살아있는타르타르소스,1949.9166667,
13R08015,맛을더해주는타르타르소스245g,1141.4635171,
13R08022,튀김요리를산뜻하게해주는타르타르소스,2151,
13R08023,BK올드베이타르타르소스(1kg),3636.3636364,
13R08029,올드베이타르타르소스-TNT(1kg),3800,
13R09013,치즈소스-R,5510.4615385,
13R09016,치즈소스-H,9192.3076923,
13R09018,렌치치즈소스,5101.8371648,
13R09020,치즈소스-BK,4277.4811619,
13R09021,고다치즈소스,5472.2375182,
13R09022,퐁듀용치즈소스,5875.4324495,
13R09039,치즈소스-HM(9kg),40800,
13R09041,크림치즈무스,5929.2103294,
13R09045,갈릭크림치즈소스1kg,3919.7360643,
13R09051,그릴러소스,5044.0869565,
13R09056,치즈소스J,4411,
13R09061,빅스타피자퐁듀용치즈소스,6000,
13R09063,스위트몬스터빅스프레더블,1439.2857143,
13R10004,스마트이팅칼로리를줄인머스타드,1178.306163,
13R10009,베스트셀렉트머스타드520g,2108.8431963,
13R10010,이마트허니머스타드드레싱280g,1010.9719539,
13R10013,허니브라운머스타드-E,78.336507937,
13R10024,요리애허니머스타드260g,1997.4515853,
13R10026,Sias허니브라운머스타드소스960g,5057.8503145,
13R10032,맛을더해주는머스타드소스520g,2059.2033161,
13R10033,맛을더해주는머스타드소스260g,1243.735079,
13R10036,이마트허니머스터드소스335g,1237.859335,
13R10044,노브랜드머스타드소스,1388,
13R10046,정성담은허니머스타드소스(260g),1958,
13R10048,허니머스타드소스,466.66666667,
13R10054,하송홀그레인머스타드소스1kg,4036.2962963,
13R10055,JVL브라운머스타드소스,550,
13R10056,홀그레인머스타드소스-D(1kg),3900,
13R10057,딜리소스홀그레인머스타드,0,
13R10060,렐리쉬피클머스타드소스T,7652.32358,
13R10062,허니머스타드소스-I,2900,
13R11001,스마트이팅1/2나트륨찹스테이크소스,1051.2360985,
13R11003,스테이크소스,1507.4472222,
13R11005,이마트스테이크소스600g,1215.6591478,
13R11009,요리愛스테이크소스,2099.2436019,
13R11023,딴지스테끼소스280g,1200,
13R11028,비스테카스테이크소스,0,
13R11030,갈릭스텁스소스16kg,0,
13R11032,노브랜드스테이크소스,1414,
13R11033,빠네스테이크소스T,8400,
13R11036,정성담은스테이크소스(290g),2112,
13R11041,촉촉한스테이크소스,2466.1726804,
13R11043,(쿠팡)DELICIOUS스테이크소스,4926.9502762,
13R13005,갈릭디핑소스,6045.0537395,
13R13007,갈릭시럽,2320,
13R13029,엔젤코코소스,487.11009174,
13R13031,탐앤탐스갈릭디핑소스,3600,
13R13032,파인애플마요소스,2720,
13R13033,와사비디핑소스,5350,
13R13036,요리가맛있어지는비법마요소스,1252.8838527,
13R13043,GARLIC DIPPING SAUCE,3450,
13R13049,옥수수디핑소스,4068.75,
13S01010,시아스비프스파게티소스,5679.2404574,
13S01017,임실앤치즈피자스파게티소스,6569.0378,
13S01107,비프스파게티소스,3974.0572041,
13S01303,이태리식토마토스파게티소스,5419.4507108,
13S01310,임실치즈피자비프스파게티소스,3338.6116505,
13S01320,화이트소스-자사,4900.5681818,
13S01325,요리愛[애]상큼한스파게티소스,6298.0057471,
13S01326,토마토스파게티소스2.95kg,4005.2719051,
13S01327,라구소스,3895.4545455,
13S01332,요리愛크림스파게티소스,2182.4804178,
13S01334,치즈크림스파게티소스골드,339.31372549,
13S01335,토마토스파게티소스골드,265.69343066,
13S01337,뽀모도로스파게티소스100g,405,
13S01338,볼로네즈스파게티소스100g,525,
13S01339,베이컨크림스파게티소스100g,481.25,
13S01340,본뽀스또뽀모도로파스타소스,163.82352941,
13S01341,본뽀스또볼로네즈파스타소스,182.35294118,
13S01342,본뽀스또베이컨크림파스타,216.17647059,
13S01362,홈스타일토마토스파게티소스/14일에이징출고,1107.8653125,
13S01363,홈스타일로제스파게티소스/14일에이징출고,1154.3643922,
13S01364,홈스타일크림스파게티소스/14일에이징출고,1159.9617378,
13S01367,비스크소스E 2kg,4582.688588,
13S01368,비프스파게티소스T,850,
13S01376,화이트소스E 2kg,4457.7272727,
13S01379,시아스비프스파게티소스1kg,3838.0769172,
13S01380,비프스파게티소스1kg,3714.0691824,
13S01384,임실앤치즈피자스파게티소스2kg,6177.877907,
13S01389,토마토스파게티소스2kg,4298.1294396,
13S01392,미트볼토마토소스,3114.862543,
13S01395,홈스타일비프스파게티소스/14일에이징출고,1224,
13S01408,바른선로제스파게티소스,7079.658606,
13S01409,비프스파게티소스T1kg(트레이더스),120.666875,
13S01431,로제스파게티소스-M,0,
13S01440,로제스파게티소스H,1430,
13S01457,알리오올리오소스-G,3550,
13S01459,알리오올리오소스-E,0,
13S01464,미트볼토마토소스-1,8186,
13S01466,,0,
13S05061,미스터피자치킨스파게티소스,2683.6651101,
13S09010,시아스토마토소스,3718.9568889,
13S09022,씨제이토마토소스,3173.5714286,
13S09030,필라프에빠지다 토마토소스,8000,
13S19010,오레또미트스파게티소스,3858.6596045,
13S19071,오레또미트스파게티소스1kg,2919.4440466,
13U01022,농축레몬과즙20kg,9255.78,
13U01036,후레쉬레몬에이드,3750,
13U01120,미스터피자레몬에이드,10243.585237,
13U01121,감자샐러드용당시럽,,
13U01125,스트로베리시럽,3469.5652174,
13U01126,메이플시럽,3330.433869,
13U01139,미스터피자블루베리시럽엠피,4266.8082368,
13U01141,요리愛[애]요리당,1910.1408346,
13U01149,블루베리시럽-KFC,4142.3333333,
13U01159,블루베리리플,6365.5172414,
13U01178,초코시럽-BK(1kg),3689.0566038,
13U01179,망고시럽,3929.5045045,
13U01182,메이플시럽320g(피코크),4400,
13U01184,대추야자시럽660g,4300,
13U02002,유기아가베시럽335g/올가홀,2662.315625,
13U02003,유기아가베시럽665g/올가홀,4725.3770833,
13U02007,유기농아가베시럽프리미엄라이트665g,5178.8888889,
13U02008,프리미엄유기농아가베시럽335g/올박스,2659.7419355,
13U02011,프리미엄유기농아가베시럽665g/이마트,4340.2941176,
13U02018,아가베시럽330g(피코크),2640,
13U02019,organicstory유기농아가베시럽335g,2996.9230769,
13U02020,organicstory유기농아가베시럽665g,5460,
13V00005,단호박베이스-2,,
13V00012,햄샐러드베이스,,
13V00013,고구마베이스M,,
13V00019,고구마샐러드믹스베이스,,
13V00022,소스베이스-S,,
13V00025,펜네베이스,,
13V00035,시아스고구마무스골드베이스,,
13V00052,맥앤치즈샐러드베이스-G,,
13V00053,샐러드소스/올바른샐러드콘용(중국산),,
13V09004,깍두기볶음밥용소스18kg,,
13V09006,김치볶음밥용소스-CJ수출용,,
14101005,핫배타믹스,2200.6079027,
14101006,브레더믹스,1519.6172249,
14101035,김치찌개용분말,6700,
14103001,믹스파우다,4722.0437956,
14501017,복합스파이스(15.4kg),0,
16A01001,고구마샐러드-P,2951.947757,
16A01002,감자샐러드-P,2863.4373757,
16A01006,고구마샐러드바145g,957.57259436,
16A01007,감자샐러드바145g,958.29149945,
16A01014,미스터피자고구마샐러드엠피,2356.4433333,
16A01016,시아스고구마샐러드믹스,2596.322503,
16A01017,고구마샐러드FM,3273.18026,
16A01018,단호박샐러드FM,3270.9164359,
16A01019,감자샐러드FM,3256.6452933,
16A01034,올바른샐러드감자100g,754.08806584,
16A01035,올바른샐러드고구마100g,748.26153846,
16A01036,올바른샐러드고구마500g,2468.0128102,
16A01039,시아스고구마샐러드S,3020.6886756,
16A01040,시아스단호박샐러드S,3214.7628548,
16A01041,단호박샐러드(착한돼지),2805.1118012,
16A01042,고구마샐러드(착한돼지),2837.1906977,
16A01044,감자단호박샐러드,2904.7101449,
16A01052,풀잎채단호박연근샐러드1kg,3299.6309963,
16A01060,포테이토샐러드100g,738.0651357,
16A01061,고구마샐러드100g,716.69093316,
16A01062,시아스감자샐러드,3180.1470711,
16A01063,시아스고구마샐러드,3099.9310101,
16A01067,AAF고구마샐러드,2846.9813243,
16A01068,AAF매쉬드포테이토샐러드,2841.7947826,
16A01069,콘크림무스,4757.7092511,
16A01071,감자고구마샐러드E,2937.2036728,
16A01072,이디야감자샐러드,537.87878788,
16A01073,에땅크리미고구마샐러드,3749.9778199,
16A01074,고구마토핑,2485.5065865,
16A01076,I'm e고구마샐러드,898.84615385,
16A01077,시아스고구마샐러드/GS,2482.1529745,
16A01082,단호박샐러드-1,2581.0212766,
16A02005,단호박샐러드바145g,959.8407687,
16A02009,미스터피자단호박샐러드,2722.3700624,
16A02010,시아스단호박샐러드,2941.4144008,
16A02011,복숭아요거트샐러드,3162.8426966,
16A02016,시아스단호박샐러드(이랜드),2921.5390295,
16A02017,요리愛단호박샐러드100g,1005.4697406,
16A02018,올바른샐러드단호박100g,753.01308901,
16A02022,단호박샐러드100g,715.15779557,
16A02023,NEW단호박샐러드-1,3066.2761962,
16A02024,AAF단호박샐러드,2856,
16A02026,sias단호박샐러드(롯데마트),3641.7721519,
16A02027,I'm e단호박샐러드,797.5,
16A02028,단호박샐러드90g,628.77192982,
16A02029,고구마샐러드90g,624.91159136,
16A02034,(20년)NEW단호박샐러드,3373.4606335,
16A03004,살사후실리샐러드,3056.3006641,
16A03006,올바른샐러드콘100g,755.76779026,
16A03008,올바른샐러드옥수수100g,756.19751693,
16A03010,시아스콘샐러드1kg,2741.5669743,
16A03011,옥수수샐러드100g,736.54863158,
16A03014,AAF콘샐러드,2851.1796733,
16A03015,sias콘샐러드(롯데마트),3863.0450592,
16A03017,I'm e콘샐러드,814.28571429,
16A03018,I'm e콘치즈샐러드,1059.1666667,
16A03020,콘치즈샐러드,3789.7327154,
16A03021,시아스콘샐러드/GS,2688.4210526,
16A03025,콘샐러드-1,2000,
16A04001,참치야채샐러드바,1059.1741071,
16A04002,미스터피자펜네샐러드,3211.1459969,
16A04003,참치샐러드FM,5057.3453608,
16A04004,참치샐러드-S,4562.4643468,
16A04012,믹스참치스프레드180g,1717.8571429,
16A04015,참치마요160g,1460,
16A04016,올바른샐러드참치100g,909.49966821,
16A04027,맥앤치즈샐러드-G,4025.0562701,
16A04039,에그샐러드,3384.6661654,
16A04042,I'me맥앤치즈샐러드,833.63636364,
16A04048,시아스에그필링,1917.0212766,
16A06004,씨제이두부샐러드단호박-세트,1397.3503185,
16A06005,씨제이두부샐러드고구마-세트,1376.8521127,
16A06006,씨제이두부샐러드감자-세트,1468.9596774,
16B01004,마요네즈S-1,,
16B01005,시아스샐러드마요네즈,2450,
16B01006,시아스샐러드마요-2(자사용),,
16B01011,시아스샐러드마요네즈18kg,,
16B01015,시아스샐러드마요-A(미국),,
16B03002,마요네즈-업소용10kg,8843.9779516,
16B03004,마요네즈-업소용18kg,,
16B03005,마요네즈-P(현미유)/국산난황,3358.1413043,
16B03010,마요네즈-업소용153kg,1850,
16B03011,네네마요네즈153kg,1862.8333333,
16B03015,마요네즈-업소용10kg(현진),18006.060606,
16B03115,마요네즈P(현미유)/중국산난황,3448.1690141,
16B03116,명란마요네즈(피코크),1634.8510131,
16B03119,마요네즈-P(현미유)/국산난황-판매용,3079.6296296,
16B04001,구터스마요네즈골드1kg,2289.6325,
16B04002,마요네즈-제빵용/국산,1818.4601449,
16B04003,해표골드마요네즈,4661.1249028,
16B04006,마요네즈-제빵용18kg,0,
16B04007,소후레쉬마요네즈골드,1961.9246862,
16B04008,소후레쉬마요네즈골드3.2kg,2839.3205975,
16B04012,마요네즈-S,,
16B04014,제빵용마요네즈-D,1850,
16B04016,마요네즈골드(서브큐),2128.7671233,
16B04017,마요네즈(제빵용)/중국산,,
16B06001,골드마요네즈(업소용)10kg,1709.7891414,
16B06003,골드마요네즈3.2kg,3813.4802884,
16B06008,이츠웰골드마요네즈3.2kg,5543.5679098,
16B06013,이마트 고소한 마요네즈515g,1870.2883659,
16B06014,이마트 고소한 마요네즈250g,1064.7092643,
16B06020,산뜻한마요네즈18kg,,
16B06021,시아스골드마요네즈515g,1650,
16B06022,피자스쿨마요네즈,2427.7603664,
16B06023,시아스골드마요네즈250g-수출,3550.6666667,
16B06024,이츠웰골드마요네즈1kg,2136.9131965,
16B06028,디프라이스마요네즈-1 1kg,1908.3666667,
16B06029,골드마요네즈-수출,1744.1176471,
16B06031,디프라이스마요네즈튜브,2196.71,
16B06036,JFC마요네즈1kg,2258.1632222,
16B06042,골드마요네즈1kg-수출,2685,
16B06043,미스터피자마요네즈,4447.7413479,
16B06047,천년풍미퓨어마요네즈3.2kg,5957.3661905,
16B06048,천년풍미퓨어마요네즈,3721.97411,
16B06050,신선하고깨끗한마요네즈,5939.7432024,
16B06052,산뜻한마요네즈250g,1702.9521704,
16B06056,천년가득마요네즈3.2kg,5988.8181818,
16B06058,디프라이스마요네즈500g,2460.6666667,
16B06059,KFC마요드레싱전분부,,
16B06060,골드마요네즈3.2kg-수출,2125,
16B06061,천년풍미퓨어마요네즈1kg,2312.9757282,
16B06062,유자마요네즈290g,660,
16B06063,유자마요네즈500g,920,
16B06064,산뜻한마요네즈1kg,5870.851632,
16B06068,G-price마요네즈500g,1866.6666667,
16B06072,생생마요네즈250g,937,
16B06073,생생마요네즈500g,1661,
16B06076,화이트마요-M,2279.6909492,
16B06077,시아스골드마요네즈2kg-에스그린,3301.5406058,
16B06079,골드마요네즈-NS 10kg,2234.8062016,
16B06080,골드마요네즈(업소용)-T,1831.2661499,
16B06081,이마트마요네즈300g,1275,
16B06084,디딤돌골드마요네즈3.2kg,5935.2330411,
16B06086,화이트마요-M(2kg),6589.4904459,
16B06087,올그루마요네즈3.2kg,4350,
16B06094,마요네즈10kg(파우치)-QKC,1905,
16B06095,골드마요네즈3.2kg(캡파우치),4304.546778,
16B06098,맛있는골드마요네즈1kg,1980.941704,
16B06099,맛있는골드마요네즈3.2kg,6231.6393443,
16B06100,정성담은마요네즈(250g),1670.9367871,
16B06101,정성담은마요네즈(1kg),5774.4954128,
16B06102,정성담은마요네즈18kg,,
16B06103,식자재왕마요네즈1kg,2447.3,
16B06104,식자재왕마요네즈3.2kg,5349.6811594,
16B06106,먹태와사랑에빠진마요,87.619047619,
16B06110,마요네즈300g(피코크),1100,
16B06111,와사비마요-H 10kg,2383.5616438,
16B06113,와사비마요네즈(피코크),1304.9611902,
16B06115,밀키마요네즈,2739.5522388,
16B06117,마요네즈1kg튜브(니혼푸드),1240,
16B06118,주니어쿱마요네즈(1kg),5731.0246821,
16B06119,천년풍미퓨어마요네즈18kg,,
16B06121,PROVANSAL 마요네즈,2590,
16B06127,,6360,
16B07001,바른선마요네즈2kg,4476.071962,
16B07003,바른선마요네즈1kg,2477.3913043,
16B07004,바른선마요네즈3kg,6085.5223881,
16B07008,바른선유정란마요네즈3kg(부스터사용),6667.2451362,
16B07010,바른선유정란마요네즈1kg(부스터사용),2758.2827795,
1BA01003,단호박죽280g,1414.888,
1BA01009,신세계찹쌀쇠고기죽(260g),1108.5714286,
1BA01015,신세계얼큰짬뽕맛김치죽(260g),1150,
1BA01016,큼직한새알동지팥죽,2200,
1BA01023,맛있는한끼단호박죽,3687.6790831,
1BA01040,피코크사골소고기야채죽,1417.3305085,
1BA01042,귀리소고기죽(컵)260g,1222.7887006,
1BA01043,현미전복죽(컵)260g,1443.1753607,
1BA01044,오곡삼계죽(컵)260g,1282.3364929,
1BA01048,오곡삼계죽(컵)260g*6ea,1159.3340838,
1BA01049,귀리소고기죽(컵)260g*6ea,1112.3595506,
1BA02012,영양수프두부단호박허니240g*2ea,2028,
1BA02014,영양수프두부브로콜리치즈240g*2ea,2294.6721311,
1BA02017,뿌리채소스프연근우엉마,691.66666667,
1BA02020,양송이크림스프T,4201.494396,
1BA03003,햄야채볶음밥300g,869.39375122,
1BA03004,새우볶음밥300g,1051.2419422,
1BA03005,낙지볶음밥300g,1169.5609362,
1BA03006,김치볶음밥300g,1056.6398315,
1BA03007,게살볶음밥300g,1226.5772821,
1BA03009,소불고기볶음밥300g,1392.6675241,
1BA03010,해물볶음밥300g,1164.1598553,
1BA03011,치킨데리야끼볶음밥300g,1034.9547645,
1BA03017,요리밥치킨리조또라이스250g,,
1BA03018,요리밥리조또라이스-로제토마토250g,,
1BA03023,갈릭라이스3kg,3726.2390671,
1BA03025,쿠마이쉬림프후라이드라이스2kg,4136.25,
1BA03026,쿠마이악토퍼스후라이드라이스2kg,5133.3333333,
1BA03034,소후레쉬야채볶음밥3kg,3155.6923077,
1BA03044,김치볶음밥3kg,9532.0983607,
1BA03046,부드러운새우볶음밥3kg,11180.059727,
1BA03047,시아스야채볶음밥3kg,5972.7292662,
1BA03049,김치볶음밥-S,8537.1761194,
1BA03051,쉐프솔루션베이스볶음밥(시즌)500g,1119.5267388,
1BA03055,한그릇연근우엉밥,1158.4494836,
1BA03056,야채볶음밥베이스3kg,6799.2656642,
1BA03064,CJ해물볶음밥*5ea,4670.0820144,
1BA03065,CJ햄야채볶음밥*5ea,3861.1095436,
1BA03066,CJ새우볶음밥*5ea,4643.962623,
1BA03067,후레시스김치볶음밥,8851.4191176,
1BA03069,CJ낙지볶음밥*5ea,4890.1720238,
1BA03070,CJ해물볶음밥/20개입,913.26553398,
1BA03071,CJ햄야채볶음밥/20개입,753.4737931,
1BA03072,CJ새우볶음밥/20개입,909.87232704,
1BA03073,CJ낙지볶음밥/20개입,934.1987013,
1BA03074,CJ햄야채볶음밥3kg,7131.2644747,
1BA03075,CJ새우볶음밥3kg,8707.1002235,
1BA03082,햄야채볶음밥3kg,8046.3617813,
1BA03088,1974새우볶음밥240g,2291,
1BA03089,1974양송이버섯볶음밥240g,2291,
1BA03093,비비고취나물밥200g,,
1BA03094,비비고곤드레밥200g,,
1BA03098,햄야채볶음밥-S 200g,639.18958032,
1BA03099,새우볶음밥-S 200g,679.1512605,
1BA03100,치킨데리야끼볶음밥-S 200g,702.52508361,
1BA03104,나물향가득한곤드레나물밥240g,,
1BA03111,베베쿡어린이볶음밥베이컨과퀴노아,2323.3333333,
1BA03112,베베쿡어린이볶음밥새우와렌틸콩,2254.5454545,
1BA03113,베베쿡어린이볶음밥닭가슴살과병아리콩,2240,
1BA03114,오늘은!새우볶음밥,895.16499666,
1BA03115,오늘은!갈릭볶음밥,727.506,
1BA03119,홍익돈까스 야채볶음밥,710.8685446,
1BA03131,Single's_pride간편하게즐기는통새우볶음밥920g,4932,
1BA03135,프리가베이스밥1kg,4232.3943662,
1BA03137,매드포갈릭갈릭버터라이스300g,763.77224199,
1BA03138,매드포갈릭갈릭버터라이스200g,517.79710145,
1BA03141,요리밥우엉이든햄야채볶음밥750g,2907.0909091,
1BA03142,요리밥케이준스파이스필라프750g,3450.7142857,
1BA03143,요리밥상하이필라프750g,3292.4869565,
1BA03147,요리밥부드러운새우볶음밥250g,1238.5172668,
1BA03148,요리밥열을뿜는낙지볶음밥250g,1334.0654981,
1BA03150,요리밥케이준스파이스필라프250g,1271.3764407,
1BA03151,요리밥상하이필라프250g,1321.4306549,
1BA03157,비비고낙지비빔밥200g,,
1BA03158,비비고불고기비빔밥200g,,
1BA03159,비비고깍두기볶음밥200g,,
1BA03160,탄두리닭가슴살현미볶음밥1kg,3948.1481481,
1BA03161,콩콩푸드밥1kg,3333.33,
1BA03162,야채현미밥H1kg,3133.33,
1BA03163,취나물현미밥1kg,3600,
1BA03164,퀴노아렌틸콩현미볶음밥1kg,4290.45,
1BA03169,식자재왕/새우볶음밥,2687.2222222,
1BA03171,식자재왕/햄야채볶음밥,2474.8888889,
1BA03174,통새우볶음밥(노브랜드),2594.2880056,
1BA03175,매콤낙지볶음밥(노브랜드),2593.7857902,
1BA03176,비비고시래기나물밥200g,,
1BA03180,곤드레나물밥-H,3900,
1BA03181,불고기맛볶음밥250g-QKC,836.72727273,
1BA03182,김치볶음밥250g-QKC,868,
1BA03184,잡채볶음밥250g-QKC,840.66666667,
1BA03185,게살볶음밥250g-QKC,905.33333333,
1BA03191,땡초상하이볶음밥,1411.3259109,
1BA03192,굴소스라이스(3kg),3852.9537367,
1BA03194,장조림라이스E 1kg,2884.8648649,
1BA03195,"비비고낙지비빔밥(밥,소스)-컵",1127.6460177,
1BA03196,"비비고불고기비빔밥(밥,참기름)-컵",1003.4745763,
1BA03199,어수리나물밥,3560,
1BA03200,비비고새우볶음밥210g(알밥),,
1BA03201,비비고닭가슴살볶음밥210g(알밥),,
1BA03202,강원나물밥200g(알밥),,
1BA03204,타코볶음밥1kg,2883.1578947,
1BA03205,마왕갈릭라이스,5062.3481781,
1BA03206,"AAF곤드레나물밥(밥,소스)*",5843.1796277,
1BA03207,"AAF3가지나물밥(밥,소스)*",5950,
1BA03208,AAF게살새우볶음밥*,5840.7258065,
1BA03209,AAF장조림볶음밥*,5744.5945946,
1BA03210,"AAF불곱창깍두기볶음밥(밥,김가루)*",5821.5097403,
1BA03211,AAF곤드레나물밥250g(알밥)*,3467.92,
1BA03212,AAF3가지나물밥250g(알밥)*,,
1BA03213,AAF불곱창깍두기볶음밥250g(알밥)*,,
1BA03214,닭가슴살볶음밥(노브랜드),2468.9274019,
1BA03216,AAF게살새우볶음밥(알밥)*,,
1BA03217,AAF장조림볶음밥(알밥)*,,
1BA03219,찰현미새우볶음밥3kg,0,
1BA03220,무명식당돈육장조림비빔밥,2182.6666667,
1BA03222,"무명식당3종나물영양밥(밥,간장)",2460.1708333,
1BA03223,굴소스로맛을낸게살새우볶음밥,1273,
1BA03224,낙지쭈꾸미볶음밥,1249.8841463,
1BA03225,무명식당돈육장조림비빔밥(알밥),,
1BA03226,무명식당뿌리채소영양밥(알밥),2617.74,
1BA03227,무명식당3종나물영양밥(알밥),809.00285714,
1BA03228,탄두리닭가슴살현미볶음밥10kg,3135.2941176,
1BA03229,야채현미밥H10kg,1993.7272727,
1BA03230,취나물현미밥10kg,2800,
1BA03231,퀴노아렌틸콩현미볶음밥10kg,4300,
1BA03232,현미찰보리밥10kg,1625,
1BA03233,곤드레나물밥H10kg,2925,
1BA03234,콩콩푸드밥10kg,2875.9185714,
1BA03235,어수리나물밥10kg,2542.8571429,
1BA03236,찰현미새우볶음밥10kg,3311.546,
1BA03237,게살볶음밥1kg,5122.3486239,
1BA03238,커리용게살새우볶음밥,5121.75,
1BA03239,커리용닭가슴살볶음밥,5008.1343284,
1BA03240,철판야채볶음밥,754.44444444,
1BA03241,철판새우볶음밥,930,
1BA03242,철판닭가슴살볶음밥,867.5,
1BA03243,철판게살볶음밥,808.33416667,
1BA03244,철판상하이볶음밥,888,
1BA03245,깍두기밥5kg,2856.25,
1BA03246,무명식당뿌리채소영양밥5kg,3328.5714286,
1BA03248,NEW야채볶음밥베이스3kg,6236.8467233,
1BA03249,NEW햄야채볶음밥300g,1059.5690756,
1BA03250,NEW새우볶음밥300g,1225.1031829,
1BA03251,NEW게살볶음밥300g,1365.0300599,
1BA03252,NEW소불고기볶음밥300g,1510.9546737,
1BA03253,NEW해물볶음밥300g,1274.5449124,
1BA03254,NEW치킨데리야끼볶음밥300g,1132.72287,
1BA03255,NEW낙지볶음밥300g,1313.2380169,
1BA03256,NEW김치볶음밥300g,1239.0628458,
1BA03257,옥수수볶음밥JB 1kg,2732.1428571,
1BA03258,병아리콩베이스밥3kg,2700,
1BA03259,찰보리버터향리조또E,2657.6923077,
1BA03260,요리하다해물철판볶음밥,1587.1344485,
1BA03266,하나로치킨카레볶음밥,1422.6431579,
1BA03267,하나로돈육짜장볶음밥,1948.4726667,
1BA03268,요리하다오삼불고기볶음밥,1655.7877358,
1BA03269,전복볶음밥,1404,
1BA03271,하나로햄야채볶음밥,531.39938462,
1BA03272,하나로새우볶음밥,627.72206349,
1BA03273,하나로치킨데리야끼볶음밥,836.72591837,
1BA03274,하나로해물볶음밥,729.99593548,
1BA03277,샤이바나베이스밥,4082.5,
1BA03278,AAF치즈불고기볶음밥(알밥),,
1BA03279,탄두리닭가슴살현미볶음밥H 5kg,3411.1618947,
1BA03280,야채현미밥H5kg,2931.2162162,
1BA03281,취나물현미밥5kg,3077.1084337,
1BA03282,퀴노아렌틸콩현미볶음밥5kg,3386.3004902,
1BA03284,곤드레나물밥H5kg,3440,
1BA03285,콩콩푸드밥5kg,1781.7011494,
1BA03286,어수리나물밥5kg,2886.3414634,
1BA03287,찰현미새우볶음밥5kg,3459.0163934,
1BA03288,한그릇연근우엉밥3kg,3727.7176796,
1BA03289,갈릭라이스S 200g,565.01960784,
1BA03291,AAF게살새우볶음밥(미니팩),1482.5625,
1BA03292,AAF치즈불고기볶음밥(미니팩),1490,
1BA03293,AAF불곱창깍두기볶음밥(미니팩),1450.4166667,
1BA03294,새우명란볶음밥,718,
1BA03295,게살장볶음밥,582.5,
1BA03296,강원나물밥H,9429.4117647,
1BA03297,비비고새우볶음밥(홈플),858.03125,
1BA03298,비비고닭가슴살볶음밥(홈플),813,
1BA03299,날치알이톡톡터지는알밥(알밥),,
1BA03300,쟌슨빌소시지볶음밥(알밥),,
1BA03301,비비고불고기비빔밥/알밥(롯데),,
1BA03302,비비고새우볶음밥/알밥(롯데),,
1BA03303,셰프리볶음밥,2767,
1BA03304,마음심은장조림볶음밥,437.5,
1BA03305,마음심은곱창깍두기볶음밥,487.5,
1BA03306,마음심은갈릭버터새우볶음밥,437.5,
1BA03307,마음심은불고기볶음밥,487.5,
1BA03308,타이풍볶음밥E,2735.6521739,
1BA03309,짬뽕볶음밥E,1673.8888889,
1BA03310,쟌슨빌소시지볶음밥(미니팩),1443.5779817,
1BA03312,춘천닭갈비볶음밥3kg,3226.6666667,
1BA03315,위즈메택불고기맛볶음밥,2880,
1BA03316,위즈메택김치볶음밥,2777.1428571,
1BA03317,위즈메택새우볶음밥,3690.9090909,
1BA03318,문어베이스밥,3320,
1BA03319,하남돼지집김치볶음밥,11440,
1BA03320,흑미밥-S(3KG),3608,
1BA03321,치즈불닭볶음밥,6518.6594203,
1BA03322,게살새우볶음밥,6430.7142857,
1BA03323,해물철판볶음밥,6025.3168395,
1BA03324,요리하다해물철판볶음밥750g,3878.7878788,
1BA03325,비비고강된장보리비빔밥(감자보리밥)(알밥),,
1BA03331,AAF게살새우볶음밥/스탠딩파우치,1067.9166667,
1BA03333,AAF치즈불고기볶음밥/스탠딩파우치,1366.5853659,
1BA03339,굿프랜즈치즈불고기볶음밥,1025.92,
1BA03340,오삼불고기볶음밥(시아스),1433.1118421,
1BA03341,짬뽕볶음밥(시아스),963.05548926,
1BA03342,장조림버터밥(롯데),1214.2288984,
1BA03343,병아리콩잡곡밥(도시락용),31.781489362,
1BA03345,퀴노아렌틸콩잡곡밥(도시락용),131.04347826,
1BA03347,탄두리치킨볶음밥(도시락용),0,
1BA03348,불곱창깍두기볶음밥-M,4680,
1BA03349,담두낙지볶음밥,1111.5,
1BA03350,담두새우볶음밥,1020,
1BA03351,담두햄야채볶음밥,775.2,
1BA03352,담두김치볶음밥,952.38095238,
1BA03358,베이스밥-S,0,
1BA03364,NEW비비고새우볶음밥/알밥(롯데),,
1BA03365,NEW비비고새우볶음밥210g(알밥),,
1BA03366,NEW비비고새우볶음밥(홈플),858,
1BA03367,보리리조또베이스E,2680,
1BA03368,치즈스테이크볶음밥,1562.9589041,
1BA03369,팔도산채나물밥(알밥),,
1BA03370,팔도야채볶음밥(알밥),,
1BA03371,비비고닭갈비볶음밥(알밥),,
1BA03372,볶음밥베이스E,1803.7190083,
1BA03373,비비고햄야채볶음밥200g(알밥),,
1BA03374,비비고소고기볶음밥200g(알밥),,
1BA03375,햄야채볶음밥1kg,1543.3225,
1BA03376,시아스야채볶음밥1kg,710.456,
1BA03377,통새우볶음밥(노브랜드)/7개입,2524.4359638,
1BA03378,매콤낙지볶음밥(노브랜드)/7개입,2516.1997041,
1BA03379,닭가슴살볶음밥(노브랜드)/7개입,2290.1865966,
1BA03380,정다래햄야채볶음밥,3000,
1BA03381,AAF곤드레나물밥(알밥)-NEW,,
1BA03384,비비고불고기비빔밥(EMT)/알밥,,
1BA03385,한입밥용냉동밥,230.9475,
1BA03386,불고기한입밥용냉동밥,561.47333333,
1BA03389,게살볶음밥E,1982.9184915,
1BA03390,찰보리버터향리조또K,2960,
1BA03393,오양새우볶음밥,945.33333333,
1BA03394,오양햄야채볶음밥,773.07692308,
1BA03395,오양김치볶음밥,868.75,
1BA03396,오양낙지볶음밥,1047.8571429,
1BA03397,오양소불고기볶음밥,979.16666667,
1BA03398,오양치킨데리야끼볶음밥,922.22222222,
1BA03402,세가지나물영양밥5kg(도시락용),76.8705,
1BA03403,보리귀리렌틸콩밥E,2830,
1BA03404,춘천식닭갈비볶음밥,7454.9392444,
1BA03406,CJ김치볶음밥(수출용),6593.5,
1BA03407,흰쌀베이스밥,2071.875,
1BA03408,전주식비빔밥(알밥),,
1BA03410,엑소게살새우볶음밥,8985.6516718,
1BA03411,김가루밥패티용냉동밥,111.972,
1BA03412,리얼통새우볶음밥,2265.8907285,
1BA03413,쫄깃매콤낙지볶음밥,2344.766147,
1BA03414,담백닭가슴살볶음밥,2289.849711,
1BA03415,한가득낙지볶음밥,8576.3425743,
1BA03416,한가득중화풍볶음밥,6008.0882353,
1BA03417,비비고깍두기볶음밥(홈플2번들),3345.7777778,
1BA03422,시아스베이스밥,31.005,
1BA03432,김민교의사와디밥돼지고기바질볶음밥,1020,
1BA03433,김민교의사와디밥파인애플볶음밥,940,
1BA03434,매운곱창철판볶음밥,4066,
1BA03435,비비고햄야채볶음밥(200g),693.9,
1BA03436,비비고소고기볶음밥(200g),700.90909091,
1BA03437,게살볶음밥-F,1610.0819672,
1BA03438,새우볶음밥-F,1389.3288889,
1BA03439,오징어철판볶음밥-S,0,
1BA03440,산들나물밥(도시락용),0,
1BA03442,은행마늘찹쌀라이스,6960,
1BA03443,매운곱창볶음밥,1570,
1BA03445,흑미밥-쿡,0,
1BA03450,CJ깍두기볶음밥(에쓰닉),1806.1071429,
1BA03451,CJ새우볶음밥(에쓰닉),2466.4166667,
1BA03452,TMI김치볶음밥,4109.5,
1BA03453,TMI야채볶음밥,4726,
1BA03454,Sias새우볶음밥,1580,
1BA03455,한끼든든새우볶음밥,1889.7224199,
1BA03456,한끼든든김치볶음밥,1892.578125,
1BA03461,철판직화볶음밥,1688.2934783,
1BA03468,Homeplus signature 새우볶음밥,4004.8473968,
1BA03469,Homeplus signature 낙지볶음밥,4108.3557703,
1BA03470,Homeplus signature 소불고기볶음밥,4108.5875815,
1BA03471,Homeplussignature 곤드레버섯나물밥,4229.6094199,
1BA03473,Homeplus signature 날치알이톡톡터지는날치알밥,4002.0833333,
1BA03474,풀잎채라이스,2000,
1BA03476,철판직화김치볶음밥,1983.7606838,
1BA03477,Homeplus signature 낙지볶음밥(알밥),,
1BA03478,Homeplus signature 곤드레버섯나물밥(알밥),,
1BA03479,Homeplus signature 불곱창깍두기볶음밥(알밥),,
1BA03480,Homeplus signature 날치알이톡톡터지는날치알밥(알밥),,
1BA03481,김민교의사와디밥불고기볶음밥,750,
1BA03482,김민교의사와디밥햄김치볶음밥,750,
1BA03483,김민교의사와디밥게살볶음밥,750,
1BA03484,중화풍볶음밥-C,2034.8360656,
1BA03485,날치알밥베이스,0,
1BA03487,매운곱창볶음밥(2번들),3240,
1BA03488,스파게티스토리볶음밥,670,
1BA03489,치킨데리야끼볶음밥-L,3214.3678161,
1BA03490,햄야채볶음밥-L,2754.3209877,
1BA03494,요리하다낙지쭈꾸미볶음밥,1266.6040268,
1BA03499,흑미밥-SH,3762,
1BA03500,현미밥-SH,2998,
1BA03501,CJ새우볶음밥(수출용-costco),8382,
1BA03502,프리미엄황금볶음밥,6154.2268041,
1BA03508,직화새우볶음밥용냉동밥,0,
1BA03509,직화김치볶음밥용냉동밥,0,
1BA03510,(쿠팡)곰곰잡채볶음밥,5800,
1BA03511,(쿠팡)곰곰대패삼겹볶음밥,6000,
1BA03512,(쿠팡)곰곰소불고기볶음밥,5200,
1BA03513,(쿠팡)곰곰닭갈비볶음밥,5800,
1BA03514,깍두기볶음밥E,2800,
1BA03515,(쿠팡)곰곰갈비맛치킨밥,7000,
1BA03516,(쿠팡)곰곰간장버터새우볶음밥,4800,
1BA03517,쿠캣감자탕볶음밥,1265.2,
1BA03518,갈릭시즐링라이스5kg,0,
1BA03519,(쿠팡)곰곰활화산치킨밥,6000,
1BA03523,애슐리갈릭스테이크볶음밥,2231.7948718,
1BA03524,애슐리깍두기치즈볶음밥,2116.2162162,
1BA03525,애슐리통새우볶음밥,1920,
1BA03526,괴짜파스타리조또용밥(200g),450,
1BA03527,괴짜파스타필라프용밥(300g),680,
1BA03530,삼겹볶음밥300g,925,
1BA03531,김치삼겹볶음밥300g,1012,
1BA03532,통통낙지볶음밥(도시락용-자사생산),0,
1BA03533,더맛있는새우볶음밥230g*2ea,2220,
1BA03534,더맛있는소시지볶음밥230g*2ea,1825,
1BA03535,(마켓컬리)sias닭가슴살볶음밥,1556.8076923,
1BA03536,데리야끼볶음밥-G,7471.1111111,
1BA03537,마오나게살볶음밥,0,
1BA03539,프레시지만능볶음밥,2630,
1BA03540,(쿠팡)곰곰차돌깍두기볶음밥,2100,
1BA03541,(쿠팡)곰곰포크&스크램블볶음밥,5000,
1BA03542,갈릭&포크 황금볶음밥,5798.2914,
1BA03543,(쿠팡)곰곰소고기버섯볶음밥,2200,
1BA03544,요리하다제육볶음밥,1300,
1BA03545,요리하다오징어김치볶음밥,1350,
1BA03557,(쿡)시아스야채볶음밥1kg,0,
1BA03558,(쿡)한그릇연근우엉밥1kg,0,
1BA03559,(쿡)산들나물밥1kg,0,
1BA03560,(쿡)세가지나물영양밥1kg,0,
1BA03561,(쿡)탄두리치킨볶음밥1kg,0,
1BA03562,(쿡)병아리콩잡곡밥1kg,0,
1BA03563,(쿡)퀴노아렌틸잡곡밥1kg,470.58823529,
1BA03564,대삼식당삼겹김치볶음밥,4400,
1BA03565,퀴노아렌틸콩현미볶음밥T,4242.8571429,
1BA03566,시아스햄야채볶음밥(핫딜),7230,
1BA03573,감자탕볶음밥,2256.1290323,
1BA03574,명품필라프용밥,913,
1BA03575,굿프랜즈치즈닭갈비볶음밥,928.57142857,
1BA03577,중국집볶음밥(알밥),,
1BA03579,황금볶음밥-FN,4000,
1BA03580,중화볶음밥-FN,4200,
1BA03582,짐키친 강황베이스밥,2900,
1BA03584,야채곱창볶음밥,1794.8235294,
1BA03585,김치볶음밥T(알밥),,
1BA03586,새우볶음밥T(알밥),,
1BA03592,남도분식 짜짱 떡볶밥(알밥),,
1BA03593,The 통통한 낙지볶음밥,8717.1795918,
1BA03594,(21년)NEW김치볶음밥300g,1253.4677623,
1BA03596,갈릭시즐링라이스 3kg,0,
1BA03597,병아리콩잡곡밥 3kg(도시락용),0,
1BA03599,세가지나물영양밥 3kg(도시락용),0,
1BA03601,퀴노아렌틸콩잡곡밥 3kg(도시락용),0,
1BA03602,탄두리치킨볶음밥 3kg(도시락용),0,
1BA03603,통통낙지볶음밥 3kg(도시락용-자사생산),0,
1BA03605,퀴노아렌틸콩현미볶음밥3kg,2000,
1BA03606,콩콩푸드밥3kg,5828.5714286,
1BA03608,마왕갈릭라이스-S,7300,
1BA03609,황금볶음밥T 210g,960,
1BA03612,무명식당뿌리채소영양밥3kg,7736.8421053,
1BA03615,찰현미새우볶음밥3kg,,
1BA03618,불짬뽕볶음밥,2631.6842105,
1BA03621,리조또용베이스밥,0,
1BA03622,리조또용베이스밥-B,2295,
1BA03623,박가부대닭갈비볶음밥 200g,2892.8571429,
1BA03627,Homeplus signature 새우볶음밥(HDS),6440,
1BA03629,SF김치볶음밥,1454.5454545,
1BA03631,시래기밥,1000,
1BA03632,(쿡)통통낙지볶음밥 1kg,,
1BA03634,Homeplus signature 낙지볶음밥(HDS)-알밥,,
1BA03635,Homeplus signature 날치알이톡톡터지는날치알밥(HDS)-알밥,,
1BA03636,꽁시면관야채볶음밥,7500,
1BA03637,(1)애슐리통새우볶음밥,1963.4146341,
1BA03638,(1)Homeplus signature 날치알이톡톡터지는날치알밥(알밥),4400,
1BA03640,(1)게살볶음밥E,1880,
1BA03642,세미계파김치닭가슴살볶음밥(알밥),,
1BA03643,버터라이스 1.1kg,2750,
1BA03644,(1)강원나물밥200g(알밥),,
1BA03646,분식문방구김치볶음밥,1350,
1BA03647,엄지야채볶음밥 3kg,0,
1BA03648,엄지김치볶음밥 3kg,0,
1BA03649,엄지계란볶음밥 3kg,0,
1BA03651,(1)김치볶음밥S 3kg,9866.4910714,
1BA03652,엄지김치볶음밥 300g,0,
1BA03653,엄지새우볶음밥 300g,0,
1BA03655,엄지묵은지삼겹볶음밥 300g,0,
1BA03658,엄지치킨데리야끼볶음밥 3kg,0,
1BA03662,쉐프현닭가슴살볶음밥 3kg,0,
1BA03665,엄지알리올리볶음밥 3kg,0,
1BA03666,우리쌀볶음밥 3kg,0,
1BA03667,곰곰마늘이들어간스테이크볶음밥,4480,
1BA03668,씨름제육볶음밥,6990.4285714,
1BA03669,씨름김치볶음밥,7024.8571429,
1BA03674,(2)애슐리통새우볶음밥,1990,
1BA03675,(1)애슐리깍두기치즈볶음밥,2250,
1BA03676,(1)애슐리갈릭스테이크볶음밥,2090.9090909,
1BA03677,NEW야채볶음밥,7485,
1BA03678,SF베이컨김치볶음밥,1600,
1BA03679,(1)한그릇연근우엉밥(혼합미),4856.25,
1BA03680,(1)NEW햄야채볶음밥300g(칼로스쌀),982.4375,
1BA03681,(1)NEW새우볶음밥300g(칼로스쌀),1159.6428571,
1BA03698,우미학차돌된장밥,5235,
1BA03709,,8360,
1BA03711,,1450,
1BA03713,,,
1BA10008,"비비고취나물밥(밥,양념간장,참기름)",1962.8763441,
1BA10009,"비비고곤드레밥(밥,양념간장,들기름)",2026.8112921,
1BA10012,"비비고낙지비빔밥(밥,낙지비빔양념장)",1979.6808686,
1BA10013,"비비고불고기비빔밥(밥,참기름)",1703.394449,
1BA10016,"비비고깍두기볶음밥(김,참깨와고명)",1808.6460204,
1BA10017,"비비고시래기나물밥(밥,씨앗강된장,들기름)",2115.1612903,
1BA10019,비비고새우볶음밥420g,1798.2207092,
1BA10020,비비고닭가슴살볶음밥420g,1687.254902,
1BA10022,비비고새우볶음밥420g*2ea,3579.4666667,
1BA10023,비비고불고기비빔밥403g*2ea,3669.5352113,
1BA10026,"GS무명식당3종나물영양밥(밥,간장)",2280,
1BA10028,쟌슨빌소시지볶음밥,5284.5,
1BA10029,비비고불고기비빔밥(롯데),2549.1392405,
1BA10030,비비고새우볶음밥(롯데),2662.6382979,
1BA10040,NEW비비고새우볶음밥(롯데),2622.1153846,
1BA10042,NEW비비고새우볶음밥420g*2ea,3748.5106383,
1BA10044,팔도비빔밥-진짜짜장,2165.170068,
1BA10046,비비고불고기비빔밥(TD),5050,
1BA10051,팔도비빔밥-산채나물(홈플),4580,
1BA10057,비비고햄야채볶음밥(홈플),3255.4929577,
1BA10058,비비고소고기볶음밥(홈플),3264.0357143,
1BA10059,비비고햄야채볶음밥(EMT),4927,
1BA10086,(1)Homeplus signature날치알이톡톡터지는날치알밥(밥+후리가,4478.5302174,
1C301012,매콤쌈장(튜브),1534.875208,
1C301013,고소쌈장(튜브),1644.5,
20000001,시생산(재),,
21501101,조미액-햄야채볶음밥(재),,
21501104,조미액-게살볶음밥(재),,
21501106,조미액-새우볶음밥(재),,
21501108,조미액-해물볶음밥(재),,
21501113,조미액-부드러운새우볶음밥(재),,
21501114,조미액-열을뿜는낙지볶음밥(재),,
21501122,조미액-갈릭라이스3kg(재),,
21501131,조미유-쉐프솔루션베이스볶음밥(시즌)(재),,
21501133,조미액-소불고기볶음밥-JB/이랜드(재),,
21501135,한식베이스소스2kg(재),,
21501143,조미액-매드포갈릭버터라이스(재),,
21501145,볶음밥용불닭소스(수출용)(재),,
21501147,볶음베이스소스(2kg)(재),,
21501164,비프스파게티소스D(재),,
23A00006,명인떡볶이소스(재),,
23A00010,시아스떡볶이양념소스(재),,
23A00013,맘스양념소스2kg(재),,
23A00015,에디슨양념치킨소스3.2kg(재),,
23A00032,사쿠사쿠양념치킨소스30g(재),,
23A00033,사쿠사쿠양념치킨소스2kg(재),,
23A00034,매운바베큐소스(재),,
23A00035,시아스골뱅이무침양념-1(재),,
23A00041,간장양념치킨소스2kg(재),,
23A00051,불닭용소스-1(재),,
23A00061,비비큐소스(재),,
23A00205,PALAMA KALBI SAUCE(재),,
23A00240,순한불닭소스-수출(재),,
23A00250,에디슨양념치킨소스-수출(재),,
23A00265,에디슨양념치킨소스60g(재),,
23A00343,샘표갈비소스964g(재),,
23A00347,샘표불고기소스964g(재),,
23A00350,명인덮밥소스(재),,
23A00353,명인순두부소스2kg(재),,
23A00357,치킨강정용소스2kg(재),,
23A00379,엄마의손맛볶음조림멸치소스(재),,
23A00385,오리양념소스20kg(재),,
23A00388,우뜸뼈해장국소스(재),,
23A00389,우뜸선지해장국소스(재),,
23A00390,우뜸뼈찜소스(재),,
23A00397,부드러운맛간장12g(재),,
23A00402,포타이B.B.Q소스(재),,
23A00408,샘표목포낙지볶음소스(재),,
23A00409,샘표제주갈치조림소스(재),,
23A00410,샘표안동찜닭소스(재),,
23A00418,시아스떡볶이양념소스-1(재),,
23A00424,샘표춘천닭갈비소스(재),,
23A00425,샘표대구매운갈비찜소스(재),,
23A00431,칠리마늘소스(재),,
23A00432,바베큐소스-R(재),,
23A00433,매콤깐풍소스-R(재),,
23A00434,칠리닭갈비소스-R(재),,
23A00438,매콤숯불소스(재),,
23A00439,샘표불고기소스900g-광구(재),,
23A00440,샘표갈비소스900g-광구(재),,
23A00441,샘표핫갈비소스900g-광구(재),,
23A00442,샘표잘익은고추장에생야채가득비빔국수(재),,
23A00443,샘표잘익은고추장에상큼한레몬초고추장(재),,
23A00444,샘표매콤한떡볶이소스(재),,
23A00450,매운불족발소스(재),,
23A00457,소불고기양념장10kg-수출(재),,
23A00472,오징어삼겹살용소스(재),,
23A00477,샘표불고기소스300g(재),,
23A00478,샘표갈비소스300g(재),,
23A00480,샘표불고기소스500g(재),,
23A00484,샘표갈비소스900g(재),,
23A00486,맛탕소스-E(재),,
23A00487,닭갈비소스-C(재),,
23A00488,갈비양념(재),,
23A00492,샘표무교동오징어낙지볶음소스(재),,
23A00493,샘표불고기소스300g-캐나다(재),,
23A00496,안동찜닭양념210g(재),,
23A00497,제주갈치양념200g(재),,
23A00498,춘천닭갈비양념180g(재),,
23A00500,햄버그소스-기본(재),,
23A00504,강된장소스(재),,
23A00506,샘표갈비소스300g-신캐나다(재),,
23A00510,나가사키베이스-2(재),,
23A00513,샘표 BULGOGI SAUCE964g(미국수출)(재),,
23A00515,샘표달콤한떡볶이소스(재),,
23A00517,불고기소스-A(재),,
23A00518,핫족발소스(재),,
23A00522,비빔소스40g(재),,
23A00523,비빔소스2kg(재),,
23A00526,무교동 오징어낚지볶음양념130g(재),,
23A00528,남대문갈치조림양념200g(재),,
23A00530,허니BBQ소스2kg(재),,
23A00532,오리양념용소스2kg(재),,
23A00534,고추장불고기소스(재),,
23A00536,너비아니양념장-F20kg(재),,
23A00538,불고기소스-M(재),,
23A00539,두반소스2kg(재),,
23A00541,쌀국수육수2kg(재),,
23A00542,북어육수2kg(재),,
23A00544,봉골레파스타소스2kg(재),,
23A00545,해물맛육수2kg(재),,
23A00548,유자드레싱50g(재),,
23A00553,소불고기소스(볶음밥용)18kg(재),,
23A00557,나가사끼짬뽕소스(재),,
23A00570,바다愛톳미인비빔소스40g(재),,
23A00576,오리지널강정소스(재),,
23A00577,불갈비양념-A20kg(재),,
23A00579,샘표갈비소스300g-독일(재),,
23A00580,샘표불고기소스300g-독일(재),,
23A00586,샘표불고기소스840g-미국(재),,
23A00589,샘표불고기소스900g-NEW(캐나다)(재),,
23A00590,샘표갈비소스900g-NEW(캐나다)(재),,
23A00591,샘표핫갈비소스900g-NEW(캐나다)(재),,
23A00594,칠리마늘소스50g(컵)(재),,
23A00595,비빔장360g(재),,
23A00596,간장비빔밥소스-M(재),,
23A00598,불고기소스225g(재),,
23A00599,선진불고기소스(재),,
23A00601,씨앗강된장소스15g(재),,
23A00602,양념간장15g(재),,
23A00605,불닭용소스-S(재),,
23A00606,매콤달콤소스(재),,
23A00608,멸치칼국수액상스프35g(재),,
23A00609,초모듬양념장-S(재),,
23A00610,황태베이스-R(재),,
23A00613,비빔소스-S 40g(재),,
23A00621,순두부양념장-S(재),,
23A00622,소불고기양념장10kg(재),,
23A00623,멸치볶음소스20g(재),,
23A00624,하남돼지집어무이찌개소스(재),,
23A00625,하남돼지집정통된장찌개소스(재),,
23A00627,단팥퐁듀소스3kg-E(재),,
23A00629,된장소스(재),,
23A00631,스위트간장치킨양념소스S(재),,
23A00634,하남돼지집부추소스(재),,
23A00636,불고기소스-M(2kg)(재),,
23A00637,홈스타일소불고기양념(재),,
23A00639,홈스타일돼지불고기양념(재),,
23A00640,매운육수(재),,
23A00642,낙지비빔양념장18g*2ea(연포)(재),,
23A00646,요리하다골뱅이&비빔국수양념(롯데)(재),,
23A00648,요리하다오징어볶음양념(롯데)(재),,
23A00652,간편고추장소스(재),,
23A00653,간편간장소스(재),,
23A00657,볶음양념E(재),,
23A00661,남대문갈치조림양념200g/신(재),,
23A00662,안동찜닭양념210g/신(재),,
23A00663,춘천닭갈비소스180g/신(재),,
23A00665,초밥간장(재),,
23A00666,요리하다매운돼지갈비찜양념(롯데)(재),,
23A00667,떡볶이양념E 2kg(재),,
23A00670,고추장닭구이소스(재),,
23A00671,돼지불고기소스(재),,
23A00672,규카츠간장소스(재),,
23A00673,홍익불고기소스(재),,
23A00675,낙지비빔밥용소스18g(단포)-컵밥용(재),,
23A00678,카츠젠순두부양념장2kg(재),,
23A00679,카츠젠초고추장소스2kg(재),,
23A00680,무교동오징어낙지볶음130g/신(재),,
23A00681,대학가불닭바베큐양념110g(재),,
23A00685,냉면육수베이스(재),,
23A00687,초고추장E 25g(재),,
23A00688,초고추장E 200g(재),,
23A00689,핫불떡볶이소스(재),,
23A00690,자이언트매콤달콤소스(재),,
23A00697,고추간장소스-M(재),,
23A00698,소찜갈비양념(재),,
23A00700,고추장양념(재),,
23A00701,마왕소스(순한맛)(재),,
23A00702,마왕소스(매운맛)(재),,
23A00703,AAF나물밥양념소스15g(재),,
23A00707,떡볶이소스JB(재),,
23A00708,소불고기양념275g(홈플러스)(재),,
23A00709,볶음밥용매콤소스(재),,
23A00710,김피라덮밥소스(재),,
23A00711,김피라덮밥소스2(재),,
23A00715,김피라떡볶이소스(재),,
23A00716,김피라불닭소스(재),,
23A00718,오리지널강정소스40g(재),,
23A00720,매콤떡볶이소스(재),,
23A00724,샘표순두부찌개양념(재),,
23A00729,비빔소스-L(재),,
23A00730,간편고추장소스10kg(재),,
23A00733,김피라소스(재),,
23A00734,매운탕양념(재),,
23A00737,초고추장H(재),,
23A00738,과일가득갈비양념(재),,
23A00744,선진불도깨비소스(재),,
23A00749,갈비양념(증정용)(재),,
23A00755,매운갈비찜소스(재),,
23A00757,쌀국수용육수T(재),,
23A00763,제육소스(재),,
23A00764,간장주물럭소스(재),,
23A00765,소불고기소스(재),,
23A00772,콘베이스E(재),,
23A00785,간편고추장소스3kg(재),,
23A00795,핫매콤소스3kg(재),,
23A00799,별미레황태채무침용고추장소스(30g)(재),,
23A00808,소불고기소스-H(재),,
23A00813,장조림소스-TH(재),,
23A00814,풀잎채무침용소스(재),,
23A00816,맛있는떡볶이소스(재),,
23A00818,매운족발소스-TH(재),,
23A00819,비비고차돌강된장(75g)(재),,
23A00822,부대찌개육수T(재),,
23A00824,신당동떡볶이소스(재),,
23A00825,매콤한떡볶이40g(재),,
23A00832,갈매기살양념(재),,
23A00842,별미레참멸치고추장소스(재),,
23A00843,본고기한우야끼니꾸소스(재),,
23A00845,팔도비빔장17g*2ea(연포)(재),,
23A00853,물회용육수350g(재),,
23A00857,매콤한대파소스(재),,
23A00864,빨간순대용소스(재),,
23A00877,팔도만능비빔장(재),,
23A00881,안동찜닭양념210g/신(별미)(재),,
23A00883,무교동오징어낙지볶음130g/신(별미)(재),,
23A00885,닭갈비양념S(재),,
23A00898,(냉장)수원왕갈비맛소스(재),,
23A00909,낙지비빔양념장25g*2ea(연포)(재),,
23A00913,달콤매콤떡볶이소스(재),,
23A00914,김치베이스소스(재),,
23A00917,매콤한숯불맛불닭소스(재),,
23A00922,샘표불고기소스500g(재),,
23A00926,팔도만능비빔장3kg(재),,
23A00929,간장양념소스-K(재),,
23A00941,시그니처불고기소스(볶음밥용)18kg(재),,
23A00948,김민교의사와디밥특제소스(195g)(재),,
23A00952,판떡볶이소스(재),,
23A00958,The맛있는초고추장(재),,
23A00966,샘표춘천닭갈비양념(20년)(재),,
23A00971,매콤숯불불닭소스E(재),,
23A00985,(20년)초고추장E 25g(재),,
23A00988,강된장두부덮밥소스(재),,
23A00990,마파두부덮밥소스(재),,
23A00992,매콤달콤스테이크소스(재),,
23A00999,시아스불고기소스(재),,
23A01010,명인냉쫄소스(재),,
23A01012,닭갈비소스(재),,
23A01028,사천소스-R 1kg(재),,
23A01032,불닭용소스-F(재),,
23A01034,불갈비용소스-F(재),,
23A01035,부대찌개용소스(재),,
23A01038,떡볶이소스-R(재),,
23A01042,오뎅소스-R(재),,
23A01054,샘표갈비소스540g-미국(재),,
23A01055,샘표불고기소스540g-미국(재),,
23A01057,레드커리-A(재),,
23A01058,다온떡갈비양념18kg(재),,
23A01061,쯔유소스-R(재),,
23A01066,닭볶음탕소스-R(재,,
23A01068,간장치킨소스325g(재),,
23A01072,명인쫄면소스(2kg)(재),,
23A01092,샘표간장치킨소스250ml(수출용)(재),,
23A01099,갈릭삼각밥용 볶음(재),,
23A01107,김치삼각밥용 볶음T(재),,
23A01108,밀푀유나베육수T(재),,
23A01109,간장찜닭소스(재),,
23A01147,노브랜드김치치즈삼각밥용소스2.74kg(재),,
23A01150,샘표간장치킨소스1kg_10개입(수출용_유럽)(재),,
23A01160,(1)샘표갈비양념300g_RRP(핀란드)(재),,
23A02007,스마트이팅식이섬유소불고기양념(재),,
23A02008,스마트이팅식이섬유돼지갈비양념(재),,
23A02011,불탐열탄고추장소스(재),,
23A02021,,,
23B00018,자몽오렌지칵테일베이스(재),,
23B00043,오렌지생맥주베이스1kg(재),,
23B00047,흑초차베이스(재),,
23B00049,비타키위칵테일베이스(재),,
23B00050,비타복분자딸기칵테일베이스(재),,
23B00051,짚쌩비타키위베이스(재),,
23B00053,짚쌩비타딸기베이스(재),,
23B00055,청포도칵테일베이스(재),,
23B00056,짚쌩비타파인애플베이스(재),,
23B00057,짚쌩뉴비타복분자베이스(재),,
23B00058,칵테일소스-R(재),,
23B00059,감귤칵테일베이스(재),,
23B00060,칵테일소스-R 18kg(재),,
23B00061,사과베이스(재),,
23B00062,산수유칵테일베이스(재),,
23B00063,수박칵테일베이스(재),,
23B00065,오렌지칵테일베이스(재),,
23B00067,토핑용사과베이스-G(재),,
23B00070,복분자막걸리베이스(재),,
23B00072,매실막걸리베이스(재),,
23B00075,허니칵테일베이스(재),,
23B00076,모과칵테일베이스(재),,
23B00079,아사이베리맛칵테일베이스(재),,
23B00081,화이트샹그리아베이스(재),,
23B00084,모히토칵테일베이스-2(재),,
23B00085,생과일복분자딸기베이스(재),,
23B00086,생과일키위베이스(재),,
23B00088,라즈베리생맥주베이스(재),,
23B00092,블루베리베이스(재),,
23B00096,석류초차베이스(재),,
23B00114,시아스블루베리베이스2kg(재),,
23B00115,자몽칵테일베이스(재),,
23B00120,바나나베이스1kg(재),,
23B00121,카페베네프라페노믹스(재),,
23B00126,코코넛베이스(재),,
23B00127,망고베이스(재),,
23B00128,떼루와체리베이스(재),,
23B00131,떼루와망고베이스(재),,
23B00132,멜론베이스(재),,
23B00134,에땅자몽칵테일베이스2kg(재),,
23B00135,트로피칼베이스2kg(재),,
23B00136,한라봉에이드베이스(재),,
23B01004,키위쿨라타(재),,
23B01007,애플민트향에이드(재),,
23B01009,메론에이드(재),,
23B01010,견우음료베이스(재),,
23B01011,레드베리에이드1.2kg(재),,
23B02000,망고블라스트(재),,
23C00001,신세기짜장소스(재),,
23C00002,흑마늘탕수육소스(재),,
23C00003,베이징덕소스(재),,
23C00005,요리愛탕수육소스(재),,
23C00006,레몬탕수육소스2kg(재),,
23C00007,레몬탕수육소스200g(재),,
23C00014,탕수소스-이랜드(재),,
23C00015,양장피소스T(재),,
23C00017,탕수육소스CW(E)(재),,
23C00019,염지용소스(재),,
23C00023,사천식불족발용소스(재),,
23C00031,노브랜드짜장덮밥소스/14일에이징출고(재),,
23C00039,카페짜장마리네이드소스,,
23C01036,바다향굴소스(재),,
23C01040,탕수소스140g(재),,
23C01045,웍소스(재),,
23C01049,유린기소스-L(재),,
23C01050,쌀루짬뽕면소스재),,
23C01053,훠궈소스E(재),,
23C01054,하송짬뽕소스(재),,
23C01057,짬뽕소스JB 2kg(분리액상)(재),,
23C01061,호식이불짬뽕소스-H 2kg(재),,
23C01062,호식이불짬뽕소스-H 50g(재),,
23C01063,하송짬뽕소스1kg(재),,
23C01067,매콤쌈장 (korean spicy soybean paste)(수출용)(재),,
23D01071,챔키위드레싱2kg(재),,
23D01097,용블루베리드레싱(재),,
23D01120,타르타르소스-H(재),,
23D01136,만다린오렌지드레싱(재),,
23D01138,파인애플드레싱-E(재),,
23D01143,요거트드레싱(재),,
23D01149,요리愛[애]허니머스타드소스(재),,
23D01151,애플드레싱1kg(재),,
23D01152,겨자드레싱(재),,
23D01156,시아스오리엔탈소스(재),,
23D01157,이마트1000아일랜드드레싱540g(재),,
23D01158,키위드레싱-R(재),,
23D01161,치킨샐러드드레싱(재),,
23D01164,케이준드레싱골드(재),,
23D01165,사우전아일랜드-K(재),,
23D01166,핫베이컨드레싱(재),,
23D01167,이마트그린키위드레싱580g(재),,
23D01168,이마트블루베리드레싱590g(재),,
23D01169,이마트프리미엄참깨드레싱550g(재),,
23D01170,KFC마요드레싱3kg(재),,
23D01172,레드와인드레싱(재),,
23D01173,오리엔탈소이소스(재),,
23D01179,파인애플머스타드드레싱(재),,
23D01180,트레이더스가쓰오다시국물(재),,
23D01181,메론드레싱(재),,
23D01187,허브과일맛소스(재),,
23D01188,오리엔탈레몬소스(재),,
23D01191,시아스발사믹드레싱(재),,
23D01192,시저드레싱-D(재),,
23D01193,스위트마요소스(재),,
23D01194,발사믹드레싱100g(재),,
23D01198,프리미엄키위드레싱(재),,
23D01202,요리愛(애)사우전아일랜드드레싱260g(재),,
23D01203,허니요거트드레싱네이처(재),,
23D01205,뉴만다린오렌지드레싱(재),,
23D01206,뉴블루베리드레싱(재),,
23D01209,프리미엄키위드레싱-E 2kg(재),,
23D01214,Sias유자드레싱1025g(재),,
23D01217,겨자냉채소스1kg(재),,
23D01218,시아스올리브유오리엔탈드레싱975g(재),,
23D01219,한식요리에잘어울리는오리엔탈드레싱270(재,,
23D01221,갈릭소스-M(재),,
23D01222,케이준소스-M(재),,
23D01226,발사믹겨자소스(재),,
23D01235,프리미엄오리엔탈드레싱1kg(재),,
23D01241,크라제케이준소스1kg(재),,
23D01245,유자샐러드소스240g(재),,
23D01255,ORGA유자드레싱275g(재),,
23D01260,유자샐러드소스-N 235g(재),,
23D01266,우아한오리엔탈드레싱270g(재),,
23D01267,우아한키위드레싱345g(재),,
23D01269,자연드림시저드레싱(재),,
23D01276,자연드림사우전아일랜드드레싱(260g)(재),,
23D01277,우엉칩용드레싱E(재),,
23D01279,시져소스T(재),,
23D01286,홈스타일오리엔탈드레싱(재),,
23D01291,정성담은시저드레싱(215g)(재),,
23D01292,발사믹드레싱-G(30g)(재),,
23D01296,발사믹겨자소스JB(재),,
23D01298,유자발사믹소스P(재),,
23D01307,마왕유자소스2kg(재),,
23D01308,정성담은사우전아일랜드드레싱(260g)(재),,
23D01313,정성담은발사믹드레싱(245g)(재),,
23D01319,딸기요거트드레싱-N 235g(재),,
23D01324,CITRON DRESSING(냉장출고보관)(재),,
23D01326,홈플러스시그니처키위드레싱(재),,
23D01340,곰곰오리엔탈드레싱(재),,
23D01341,곰곰참깨드레싱(재),,
23D02020,케이준샐러드드레싱(재),,
23D02060,레몬갈릭소스(재),,
23D02080,참깨흑임자드레싱(재),,
23D02094,스위트머스타드드레싱(재),,
23D02098,스위트머스타드드레싱2kg(재),,
23D02100,참깨흑임자드레싱2kg(재),,
23D02111,아몬드호두드레싱(재),,
23D02138,세서미오리엔탈드레싱2kg(재),,
23D02139,크리미시저드레싱(재),,
23D02140,세서미오리엔탈드레싱(재),,
23D02141,올리브유발사믹드레싱(재),,
23D02142,참깨흑임자드레싱100g(재),,
23D02149,1/2샐러드소스 키위(재),,
23D02150,1/2샐러드소스 파인애플(재),,
23D02151,1/2샐러드소스 스트로베리(재),,
23D02152,올리브유발사믹드레싱105g(재),,
23D02155,렌치드레싱-C(재),,
23D02156,오리엔탈드레싱225g(재),,
23D02160,1/2샐러드소스 키위115g(재),,
23D02161,참깨흑임자드레싱105g(재),,
23D02162,오리엔탈드레싱115g(재),,
23D02164,아몬드호두드레싱495g(재),,
23D02168,아몬드호두드레싱(재),,
23D02170,1/2샐러드소스파인애플(재),,
23D02171,1/2샐러드소스키위(재),,
23D02172,크리미시저드레싱(재),,
23D02177,올리브유발사믹드레싱105g(재),,
23D02181,들깨드레싱235g(재),,
23D02182,크리미시저30g(재),,
23D02183,올리브유발사믹30g(재),,
23D02187,스위트머스타드110g(재),,
23D02188,스위트머스타드-P(재),,
23D02189,아몬드호두드레싱-P(재),,
23D02190,참깨흑임자드레싱-P(재),,
23D02191,올리브발사믹드레싱-P(재),,
23D02192,쉐프메이드오리엔탈드레싱(재),,
23D02193,레몬갈릭소스-P(재),,
23D02195,쉐프메이드세서미오리엔탈드레싱(재),,
23D02196,1/2스트로베리샐러드소스-P(재),,
23D02197,1/2키위샐러드소스-P(재),,
23D02198,1/2파인애플샐러드소스-P(재),,
23D02200,쉐프메이드오리엔탈드레싱550g(재),,
23D02201,스위트머스타드-P 510g(재),,
23D02202,참깨흑임자드레싱-P 495g(재),,
23D02203,아몬드호두드레싱-P 495g(재),,
23D02205,참깨흑임자드레싱38(재),,
23D02208,이스트오일소스25g(재),,
23D02210,요리愛고소한흑임자드레싱(재),,
23D02215,올리브유발사믹드레싱2kg(재),,
23D02217,크리미시저드레싱2kg(재),,
23D02222,올리브유발사믹드레싱40g-P(재),,
23D02223,오리엔탈드레싱40g-P(재),,
23D02228,흑임자드레싱2kg(재),,
23D02236,ORGA흑임자드레싱250g(재),,
23D02237,JFC세서미드레싱15g(재),,
23D02238,오리엔탈드레싱-N 240g(재),,
23D02239,세서미오리엔탈드레싱-N 240g(재),,
23D02240,크리미시저드레싱-N 220g(재),,
23D02242,들깨드레싱-N 230g(재),,
23D02243,키위저지방샐러드소스-N 235g(재),,
23D02244,골드파인애플&골드키위저지방샐러드-N 235g,,
23D02246,딸기저지방샐러드소스-N 230g(재),,
23D02247,참깨&흑임자드레싱-N 220g(재),,
23D02248,허니머스타드드레싱-N 230g(재),,
23D02249,아몬드&호두드레싱-N 225g(재),,
23D02250,레몬갈릭샐러드소스-N 245g(재),,
23D02251,딸기치아씨드샐러드소스2kg(재),,
23D02252,망고치아씨드샐러드소스2kg(재),,
23D02259,파인애플치아씨드샐러드소스2kg(재),,
23D02262,자연드림흑임자드레싱(재),,
23D02273,흑참깨드레싱E(재),,
23D02274,클래식시저드레싱220g(재),,
23D02277,참깨&흑임자드레싱-N 495g(재),,
23D02278,참깨&흑임자드레싱-N 105g(재),,
23D02279,허니머스타드드레싱-N 510g(재),,
23D02280,허니머스타드드레싱-N 110g(재),,
23D02281,아몬드&호두드레싱-N 495g(재),,
23D02282,아몬드&호두드레싱-N 110g(재),,
23D02283,키위저지방샐러드소스-N 115g(재),,
23D02284,오리엔탈드레싱-N 550g(재),,
23D02285,오리엔탈드레싱-N 115g(재),,
23D02286,발사믹올리브유드레싱235g(재),,
23D02289,다향발사믹소스(재),,
23D02291,렐리쉬머스타드(2kg)(재),,
23D02292,정성담은오리엔탈드레싱(240g)(재),,
23D02293,정성담은흑임자드레싱(220g)(재),,
23D02294,오리엔탈드레싱-N 1kg(재),,
23D02295,킹즈레몬소스(재),,
23D02297,아몬드호두드레싱FM(재),,
23D02301,들깨드레싱E(재),,
23D02305,천년풍미피어&애플샤워크림소스2kg(재),,
23D02308,발사믹올리브유드레싱110g(재),,
23D02309,레몬갈릭샐러드소스-N 110g(재),,
23D02311,아몬드&호두드레싱-N 495*2(재),,
23D02322,플레인요거트드레싱-N 110g(재),,
23D02326,흑임자소스(재),,
23D02367,(연결링)(20년)아몬드&호두드레싱-N495g*2ea(재),,
23D03030,시아스사우전아일랜드드레싱(재),,
23D03082,딸기드레싱(재),,
23D03085,포도씨유로만든키위드레싱540g(재),,
23D03086,포도씨유로만든파인애플드레싱545g(재),,
23D03087,포도씨유로만든파인요거트드레싱495g(재),,
23D03088,포도씨유로만든블루베리드레싱540g(재),,
23D03089,시키사이파인요거트드레싱(재),,
23D03090,렌치드레싱485g(재),,
23D03091,참깨&아몬드드레싱495g(재),,
23D03092,고소한참깨드레싱(재),,
23D03093,발사믹드레싱-E(재),,
23D03094,챔키위드레싱240g(재),,
23D03095,챔케이준드레싱250g(재),,
23D03096,네네피자렌치드레싱(재),,
23D03097,챔케이준드레싱100g(재),,
23D03107,고소한참깨드레싱(매콤한맛)(재),,
23D03109,에땅랜치소스1kg(재),,
23D04020,시아스허니머스타드소스(재),,
23D04070,사쿠사쿠머스타드소스30g(재),,
23D04103,사우전아일랜드드레싱골드(재),,
23D04104,키위드레싱골드(재),,
23D04105,요거트드레싱골드(재),,
23D04106,허니머스타드소스골드(재),,
23D04107,바른선허니머스타드소스2kg(재),,
23D04108,바른선키위드레싱2kg(재),,
23D04109,바른선요거트드레싱2kg(재),,
23D04120,크라제허니소스1kg(재),,
23D04121,존슨허니버터소스(재),,
23D04125,카츠젠사우전아일랜드드레싱2kg(재),,
23D04126,홈스타일1000아일랜드드레싱(재),,
23D04128,dip머스타드소스(재),,
23D04131,사우전소스-NY(재),,
23D04133,홈플러스시그니처허니머스터드드레싱(재),,
23D07030,시아스키위드레싱(재),,
23D08039,핫도그칠리소스T(재),,
23D08040,칠리소스-엠피(1kg)(재),,
23D08042,토마토칠리소스2kg(재),,
23D08044,핫도그미트칠리소스-T(재),,
23D08045,일인식샤브샤브수끼소스(재),,
23D08055,멕시칸풍비프칠리소스(재),,
23D08057,(20년)멕시칸풍비프칠리소스(재),,
23D13030,시아스칠리소스2kg(재),,
23D13032,시아스칠리소스12g(재),,
23D16003,사우전아일랜드드레싱80g(재),,
23D16015,기로스머스타드소스(재),,
23D19002,1/2플레인소스-현미유(재),,
23D19003,플레인소스-현미유(재),,
23D19004,플레인소스/현미유(중국산)(재),,
23G01003,데리야끼소스-E(재),,
23G01005,매운데리야끼소스-R(재),,
23G01008,치킨버스데리야끼소스(재),,
23G01010,일식데리야끼소스(재),,
23G01012,치킨버스흑마늘데리야끼(재),,
23G01020,데리야끼소스-E18kg(재),,
23G01021,마늘간장소스-R(재),,
23G01025,하송갈릭데리야끼소스(재),,
23G01026,하송우스타소스(재),,
23G01028,바다원데리야끼소스20g(재),,
23G01029,고베데리야끼소스(재),,
23G01034,생강데리야끼소스(재),,
23G02002,맘스스위트양념소스(재),,
23G02004,매운간장양념치킨소스(재),,
23G02008,강정용소스(재),,
23G02010,맘스터치오리진파닭소스(재),,
23G02013,칠리양념치킨소스(재),,
23G02022,매콤파닭소스(재),,
23G02027,매운바베큐양념소스-수출(재),,
23G02029,요리애양념치킨소스(재),,
23G02030,닭강정소스-S(재),,
23G02031,간장양념치킨소스-K(재),,
23G02033,DS매운강정소스(재),,
23G02046,60계매운양념치킨소스(재),,
23G02047,닭강정소스-이랜드(재),,
23G02048,60계양념치킨소스(칠리)(재),,
23G02049,요리애양념치킨소스10kg(재),,
23G02053,홍익닭강정소스(재),,
23G02055,자연드림양념치킨소스(10kg)(재),,
23G02056,60계옛날양념치킨소스(재),,
23G02058,양념치킨소스-M(재),,
23G02059,하송양념치킨소스(재),,
23G02060,깐풍기용소스(재),,
23G02061,갈릭소이소스(재),,
23G02062,매콤달콤강정소스(60g)(재),,
23G02064,지리산꿀닭소스(재),,
23G02066,꾼닭마늘간장소스(재),,
23G02068,와라양념치킨소스(재),,
23G02069,정성담은양념치킨소스(320g)(재),,
23G02070,정성담은양념치킨소스(10kg)(재),,
23G02074,닭강정소스T(재),,
23G02082,깐풍치킨버거용소스(재),,
23G02091,(닭강정)수원왕갈비맛소스(재),,
23G02093,양념치킨소스E(재),,
23G02096,60계6초치킨매운양념소스(재),,
23H01007,레몬유자소스2kg(재),,
23J01005,모밀소스-W(재),,
23J01007,가츠동소스(재),,
23K01090,시아스고구마소스(재),,
23K01111,용돈까스소스M(재),,
23K01121,디오니스살사소스(재),,
23K01122,시아스돈까스소스P(재),,
23K01125,시아스핫칠리소스(재),,
23K01126,핫소스9g(재),,
23K01140,프리미엄돈까스소스(재),,
23K01221,허니소스9g(재),,
23K01244,원할머니기자미소스(재),,
23K01248,시아스핫립소스(재),,
23K01271,양념소스(재),,
23K01272,명인돈까스소스(재),,
23K01273,초대리-B 20kg(재),,
23K01275,갈릭레몬소스(재),,
23K01276,로스트소스(재),,
23K01277,핫로스트소스(재),,
23K01278,타바스코맛바베큐소스(재),,
23K01279,파파이스케이준토마토소스(재),,
23K01280,파파이스핑거휠레소스(재),,
23K01295,갈릭스테이크소스(재),,
23K01296,후르츠스테이크소스(재),,
23K01304,데미그라스소스-P(재),,
23K01310,일식돈까스소스(재),,
23K01312,서비스면양념장(재),,
23K01316,토스트를 굽는 사람들 레드핫소스 (재),,
23K01317,포타이땅콩소스(재),,
23K01318,포타이퍼싸오소스(재),,
23K01321,나가사키베이스(재),,
23K01322,BS바베큐소스(재),,
23K01323,볶음요리용소스-H(재),,
23K01324,프렌치살몬소스30g(재),,
23K01327,데미그라스-E(재),,
23K01330,초밥액-W(재),,
23K01331,상큼한허브레몬소스(재),,
23K01332,매운맛소스(재),,
23K01335,어니언살사소스(재),,
23K01336,네네피자살사소스30g(재),,
23K01338,파파이스핫칠리소스(재),,
23K01340,치즈밥용빨강소스-R(재),,
23K01341,사이다(재),,
23K01345,케밥칠리소스(재),,
23K01346,바베큐포크소스(재),,
23K01347,나쵸치즈소스-J(재),,
23K01349,DN어향소스(재),,
23K01351,DN햇쌀소스(재),,
23K01352,DN나가사끼소스(재),,
23K01355,불고기버거소스-D20kg(재),,
23K01357,폭립바베큐소스20kg(재),,
23K01359,호면당탄탄소스(재),,
23K01361,꼬르꼬소스(재),,
23K01362,바베큐폭찹소스(재),,
23K01363,이탈리안드레싱(재),,
23K01365,콘샐러드용드레싱(재),,
23K01366,디엔짬뽕소스(재),,
23K01371,DS프렌치살몬소스(재),,
23K01372,오늘은허브칠리소스(재),,
23K01373,오늘은허니머스타드소스(재),,
23K01375,오늘은참깨흑임자드레싱(재),,
23K01379,오늘은쌈장소스(재),,
23K01380,오늘은초고추장소스(재),,
23K01381,오늘은고추장소스(재),,
23K01386,오늘은허니머스타드소스50g(재),,
23K01391,스위트스테이크소스(재),,
23K01396,나가사끼베이스-S(재),,
23K01410,레드와인소스1kg(재),,
23K01413,치커리샐러드용소스(재),,
23K01414,크라제데리소스1kg(재),,
23K01420,하림데미그라스소스30g(재),,
23K01423,쌈장소스235g(재),,
23K01424,고추장소스240g(재),,
23K01425,브리또용핫소스2kg(재),,
23K01430,와라폰즈소스(재),,
23K01431,나가사끼부타라멘소스2kg(재),,
23K01432,타카마살라카레베이스2kg(재),,
23K01433,고추장소스(재),,
23K01435,타카마살라카레베이스190g(재),,
23K01436,마늘소스-CU(재),,
23K01438,스윗갈릭소스G(재),,
23K01439,허니머스타드소스-T(재),,
23K01441,핫소스9g/300개입(재),,
23K01442,허니소스9g/300개입(재),,
23K01443,블랙스톤갈릭소스(재),,
23K01444,마크니커리소스(재),,
23K01445,초대리T(재),,
23K01447,고베규카츠단호박크림(재),,
23K01448,허니갈릭소스G(재),,
23K01451,선진매콤칠리소스(재),,
23K01454,일식카레소스FM(재),,
23K01456,고베규카츠단호박크림2kg(재),,
23K01457,마왕갈릭족발용소스(재),,
23K01458,함박스테이크소스-M(재),,
23K01461,토니데미그라스소스(재),,
23K01467,하남돼지집데미그라스소스(재),,
23K01470,치커리샐러드소스(배달용)(재),,
23K01471,스테이크소스-HS(재),,
23K01475,함박스테이크소스(재),,
23K01485,바베큐폭찹소스-R(재),,
23K01486,흑설탕소스(3kg)(재),,
23K01500,딜리소스갈릭스테이크(재),,
23K01501,SIAS어니언크림소스(냉장보관후출고)(재),,
23K01505,옐로우비타소스(재),,
23K01507,치즈크림소스G(재),,
23K01514,블랙페퍼머쉬룸소스(재),,
23K01519,인도풍커리소스T(재),,
23K02040,시아스살사소스(재),,
23K02110,핫소스-KM(재),,
23K02120,석류사과칵테일베이스(재),,
23K02122,복숭아칵테일베이스(재),,
23K02144,데미그라스소스-P20g(재),,
23K02146,시아스살사소스-S(재),,
23K02151,레드번용소스(재),,
23K02156,레드맥소스(1kg)(재),,
23K03038,,,
23K03060,시아스바베큐소스(재),,
23K03101,크림소스(재),,
23K03104,마리소스(재),,
23K03107,야끼소스(재),,
23K03115,시아스찹스테이크소스1kg(재),,
23K03123,어니언크림소스(재),,
23K03126,크라제바베큐소스-K290g(재),,
23K03128,크라제바베큐소스18kg(재),,
23K03130,볼케이노소스G(재),,
23K03131,빠네크림소스T(재),,
23K03132,어니언크림소스-S(재),,
23K03133,해물파스타용크림소스(재),,
23K03135,빠네마늘소스-T(재),,
23K03136,선진찹스테이크소스(재),,
23K03138,빠네크림소스G(재),,
23K03139,풀잎채크림소스(재),,
23K03140,피자꾼머쉬룸크림소스(재),,
23K03141,선진어니언크림소스(재),,
23K03145,어니언락교크림소스-T(재),,
23K03152,크림소스(재),,
23K03156,크림마요소스H(재),,
23L00001,자연드림 상큼한 토마토케찹(재),,
23L00003,자연드림 상큼한 토마토케찹-1(재),,
23L00005,토마토케찹18kg(재),,
23L00006,자연드림 상큼한 토마토케찹595g(재),,
23L00007,토마토케찹2kg(재),,
23L00008,토마토케찹자사용(재),,
23L00010,토마토케찹153kg(재),,
23L00015,네네토마토케첩153kg(재),,
23L00016,싱싱한토마토로만든맛이진한토마토355g(재),,
23L00019,자연드림 상큼한 토마토케찹280g(재),,
23L00022,하송유기농토마토케찹2kg(재),,
23L00024,상큼한토마토케찹18kg(재),,
23L00025,상큼한토마토케찹(280g)(재),,
23L00026,상큼한토마토케찹(595g)(재),,
23L00029,정성담은토마토케찹(280g)(재),,
23L00030,정성담은토마토케찹(595g)(재),,
23L00034,주니어쿱토마토케찹(1KG)(재),,
23L00036,차갑케찹(재),,
23L01001,이마트 야채케챱600g(재),,
23L01002,이마트 야채케챱295g(재),,
23P01020,미스터피자살사소스엠피(재),,
23P01040,임실앤치즈피자소스(재),,
23P01080,아이원피자소스(재),,
23P01088,예스피자소스G(재),,
23P01220,토토피자소스(재),,
23P01222,피자소스-H(재),,
23P01225,임실치즈피자소스골드-S(재),,
23P01226,까펠로피자소스((재),,
23P01227,하임피자소스2kg(재),,
23P01228,상큼한피자소스(재),,
23P01229,피자소스(재),,
23P01230,네네피자피자소스(재),,
23P01231,이베스트피자소스(재),,
23P01234,피자꾼피자소스(재)/구,,
23P01240,시아스피자소스-S(재),,
23P01241,요리愛[애]상큼한피자소스(재),,
23P01242,미스터피자피자소스엠피2kg(재),,
23P01243,붐바타피자소스(2kg)(재),,
23P01245,임실앤치즈피자소스2kg(재),,
23P01246,정성담은상큼한피자소스(1kg)(재),,
23P01248,탐앤탐스피자소스(재),,
23P01249,매운피자소스2kg(재),,
23P01250,피자꾼피자소스(재),,
23P01253,업텐브로피자전용소스(재),,
23P01254,피자소스PM(재),,
23P01263,애슐리달콤마요소스(재),,
23P02102,크림슨피자소스(재),,
23P02106,미스터피자피자소스엠피(재),,
23P02113,스위트피자소스(재),,
23P05010,시아스피자소스(재),,
23P05041,이석민피자소스(파우치)(재),,
23P09011,하임불고기피자소스2kg(재),,
23P14010,이석민피자소스(재),,
23P20101,핸드피자소스(재),,
23P20107,핸드피자소스2kg(재),,
23R01050,데리야끼소스(재),,
23R01080,핫바베큐소스(재),,
23R01084,립소스5kg(재),,
23R01090,스파이시B.B.Q소스(재),,
23R01092,할라피뇨바베큐소스-S(재),,
23R01097,바베큐소스 엘(재),,
23R01101,바베큐소스S(재),,
23R01102,불고기소스S(재),,
23R01103,바베큐소스-E(재),,
23R01105,폭립바베큐소스-T(재),,
23R01107,치킨버스할라피뇨소스(재),,
23R01109,숯불바베큐소스(재),,
23R01110,바베큐소스-i(재),,
23R01119,조이푸드할라피뇨바베큐소스18kg(재),,
23R01121,836숯불바베큐소스(보통)(재),,
23R01125,아마씨드핫바베큐소스(재),,
23R01128,836숯불바베큐소스(순한)(재),,
23R01130,치포틀바베큐소스-M(2kg)(재),,
23R01131,화이트와인비네거소스스모크드할라240g(재),,
23R01132,포듀폭립바베큐소스(재),,
23R01135,오리지날소스(재),,
23R01137,dip핫바베큐소스(재),,
23R01143,치폴레바베큐소스(재),,
23R01144,할라피뇨바베큐소스-S 9kg(재),,
23R01148,피자꾼바베큐소스(재),,
23R02051,이마트베스트돈까스소스(재),,
23R02052,이마트베스트스테이크소스(재),,
23R02053,이마트베스트허브칠리소스(재),,
23R02054,이마트베스트머스타드소스(재),,
23R02055,이마트베스트타르타르소스(재),,
23R02057,이마트베스트허브바베큐소스(재),,
23R02058,이마트베스트핫칠리소스(재),,
23R02059,이마트콜슬로우드레싱40g(재),,
23R02060,Sias허브칠리소스1080g(재),,
23R04004,스마트이팅1/2나트륨돈까스소스(재),,
23R04005,베스트셀렉트돈까스소스565g(재),,
23R04007,이마트프리미엄제주흑돼지생등심돈까스(재),,
23R04009,돈까스소스1.95kg(재),,
23R04010,돈까스소스-W(재),,
23R04013,이마트돈까스소스600g(재),,
23R04015,이마트베스트돈까스소스50g(재),,
23R04017,후르츠&돈까스소스295g(재),,
23R04018,디엔돈까스소스(재),,
23R04022,새콤달콤한돈가스소스360g(재),,
23R04024,오리지널멘츠카츠소스(재),,
23R04025,맛을더해주는돈까스소스565g(재),,
23R04026,맛을더해주는돈까스소스280g(재),,
23R04027,하송돈까스소스2kg(재),,
23R04032,돈까스소스2kg(파우치)(재),,
23R04034,뚱보돈까스소스2kg(재),,
23R04036,노브랜드돈까스소스(재),,
23R04038,하송돈까스소스1kg(재),,
23R04040,돈카츠소스1.05kg(수출용)(재),,
23R04042,(쿠팡)DELICIOUS돈까스소스(재),,
23R04043,남산왕돈까스소스(냉장보관 후 출고)(재),,
23R05007,파머스불고기소스(재),,
23R05008,버거앤&쉐이크스위트소스(재),,
23R05013,네네피자데리불고기소스(재),,
23R05014,핫페퍼소스2kg(재),,
23R05020,화이트크림버거용소스E(재),,
23R05021,핫페퍼소스1kg(재),,
23R05025,BK디아블로소스(1kg)(재),,
23R05028,디아블로소스(25g)(재),,
23R06005,토마토갈릭소스10kg(재),,
23R06006,토마토갈릭소스-R(재),,
23R06007,샌드위치소스(재),,
23R06008,자연드림샌드위치소스(1kg)(재),,
23R06009,정성담은샌드위치소스(1kg)(재),,
23R06010,선진갈릭버터소스(재),,
23R06021,로얄페퍼스테이크소스(재),,
23R06026,투움바소스P(재),,
23R07007,스마트이팅칼로리를줄인허브칠리소스(재),,
23R07008,베스트셀렉트허브칠리595g(재),,
23R07009,시키사이핫칠리소스(재),,
23R07010,스위트칠리소스골드(재),,
23R07015,포타이칠리소스(재),,
23R07016,BS칠리소스(재),,
23R07020,칠리소스-R(재),,
23R07027,갈릭&칠리소스305g(재),,
23R07028,띠아모스위트칠리소스(재),,
23R07030,스위트칠리소스S(재),,
23R07032,스윗칠리소스-M(재),,
23R07035,맛을더해주는허브칠리소스595g(재),,
23R07036,맛을더해주는허브칠리소스295g(재),,
23R07037,맛을더해주는핫칠리소스290g(재),,
23R07039,JFC위트칠리소스15g(재),,
23R07043,하송스위트칠리소스2kg(재),,
23R07047,바다원핫칠리소스20g(재),,
23R07048,허닭스위트칠리소스(재),,
23R07049,매콤칠리소스(재),,
23R07050,노브랜드핫칠리소스(재),,
23R07051,노브랜드허브칠리소스(재),,
23R07052,정성담은칠리소스(245g)(재),,
23R07055,칠리소스-B(재),,
23R07065,쉬림프칠리소스T(재),,
23R08002,타르타르소스골드(재),,
23R08006,사쿠사쿠드레싱(재),,
23R08009,비트라임타르타르소스2kg(재),,
23R08011,타타르소스-M(재),,
23R08015,맛을더해주는타르타르소스245g(재),,
23R08016,타르타르소스-K(재),,
23R08017,타타르소스-M(2kg)(재),,
23R08019,타르타르소스E(재),,
23R0802,BK올드베이타르타르소스(1kg)(재),,
23R08020,유생촌타르타르소스2kg(재),,
23R08022,튀김요리를산뜻하게해주는타르타르소스(재),,
23R08031,타르타르디핑소스(재),,
23R08032,캐롯타르타르소스(재),,
23R08033,유자타르타르소스(재),,
23R09013,치즈소스-R(재),,
23R09016,치즈소스-H(재),,
23R09017,나쵸치즈소스-F(재),,
23R09018,렌치치즈소스(재),,
23R09020,치즈소스-BK(재),,
23R09021,고다치즈소스(재),,
23R09022,퐁듀용치즈소스(재),,
23R09025,와퍼퐁듀소스2kg(재),,
23R09026,와퍼퐁듀소스-BK(40g)(재),,
23R09029,치즈소스-SW(재),,
23R09033,치즈블링소스2kg(재),,
23R09036,크림치즈소스3kg(재),,
23R09037,체다치즈소스-MP(1kg)(재),,
23R09038,갈릭렌치소스(1kg)(재),,
23R09039,치즈소스-HM(9kg)(재),,
23R09040,치즈소스-T(재),,
23R09041,크림치즈무스(재),,
23R09042,김피라퐁듀소스(재),,
23R09045,갈릭크림치즈소스1kg(재),,
23R09051,그릴러소스(재),,
23R09052,굴라쉬베이스(재),,
23R09053,퐁듀용치즈소스-S(재),,
23R09056,치즈소스J(재),,
23R09057,버터크림소스(재),,
23R09061,빅스타피자퐁듀용치즈소스(재),,
23R09062,치즈소스-TNT(재),,
23R10003,허니브라운머스타드소스2kg(재),,
23R10004,스마트이팅칼로리를줄인머스타드(재),,
23R10009,베스트셀렉트머스타드520g(재),,
23R10010,이마트허니머스타드드레싱280g(재),,
23R10011,파샤-허니머스타드드레싱(재),,
23R10013,허니브라운머스타드-E(재),,
23R10015,시아스허니머스타드소스18kg(재),,
23R10021,BK허니브라운머스타드(재),,
23R10023,허니브라운머스타드소스-E 40g(재),,
23R10024,요리애허니머스타드260g(재),,
23R10026,Sias허니브라운머스타드960g(재),,
23R10030,오늘은후렌치머스타드50g(재),,
23R10033,맛을더해주는머스타드소스260g(재),,
23R10036,이마트허니머스터드소스335g(재),,
23R10039,하송홀그레인머스타드소스2kg(재),,
23R10044,노브랜드머스타드소스(재),,
23R10054,하송홀그레인머스타드소스1kg(재),,
23R10057,딜리소스홀그레인머스타드(재),,
23R10060,렐리쉬피클머스타드소스T(재),,
23R11001,스마트이팅1/2나트륨찹스테이크소스(재),,
23R11003,스테이크소스(재),,
23R11005,이마트스테이크소스600g(재),,
23R11008,정통스테이크소스290g(재),,
23R11020,맛을더해주는스테이크소스280g(재),,
23R11025,가족사랑스테이크소스(재),,
23R11028,비스테카스테이크소스(재),,
23R11030,갈릭스텁스소스16kg(재),,
23R11032,노브랜드스테이크소스(재),,
23R11033,빠네스테이크소스T(재),,
23R11040,레드와인스테이크소스(재),,
23R11041,촉촉한스테이크소스(재),,
23R13000,갈릭맛디핑소스(재),,
23R13002,네네피자갈릭디핑소스30g(재),,
23R13003,그린소스(재),,
23R13006,갈릭디핑소스(재),,
23R13007,갈릭시럽(재),,
23R13012,화이트갈릭소스-T(재),,
23R13015,네네짜용스위트갈릭맛(재),,
23R13017,마요소스-Y 2kg(재),,
23R13020,어니언샤워소스2kg(재),,
23R13024,와사비마요소스-K(재),,
23R13025,이천사가맥소스 15g 200개입(재),,
23R13026,명품갈릭딥핑치즈소스(재),,
23R13028,레몬마요소스(재),,
23R13029,엔젤코코소스(재),,
23R13031,탐앤탐스갈릭디핑소스(재),,
23R13032,파인애플마요소스(재),,
23R13033,와사비디핑소스(재),,
23R13034,유자마요소스(재),,
23R13036,요리가맛있어지는비법마요소스(재),,
23R13037,그린마요쉬림프버거용그린마요소스100g(재),,
23R13038,그린마요쉬림프버거용그린마요소스1kg(재),,
23R13042,갈릭마요소스-H(재),,
23R13058,666버거갈릭디핑소스 2kg(재),,
23S01010,시아스비프스파게티소스(재),,
23S01080,시아스화이트스파게티스(재),,
23S01091,임실앤치즈피자스파게티소스(재),,
23S01100,미트소스-A(재),,
23S01107,비프스파게티소스(재),,
23S01213,카페아모제미트소스(재),,
23S01303,이태리식토마토스파게티소스(재),,
23S01310,임실치즈피자비프스파게티소스(재),,
23S01315,화이트소스(재),,
23S01325,요리愛[애]상큼한스파게티소스(재),,
23S01326,토마토스파게티소스2.95kg(재),,
23S01327,라구소스(재),,
23S01328,비프파스타소스(재),,
23S01332,요리愛크림스파게티소스(재),,
23S01334,치즈크림스파게티소스골드(재),,
23S01335,토마토스파게티소스골드(재),,
23S01338,볼로네즈스파게티소스100g(재),,
23S01339,베이컨크림스파게티소스100g(재),,
23S01342,본뽀스또베이컨크림파스타소스(재),,
23S01349,비프소스-R(재),,
23S01350,토마토스파게티소스-DK(재),,
23S01352,호면당토마토파스타소스3kg(재),,
23S01353,요리밥치킨크림리조또용소스70g(재),,
23S01354,요리밥로제토마토리조또용소스100g(재),,
23S01361,화이트크림파스타소스(재),,
23S01362,홈스타일토마토스파게티소스/14일에이징출고(재),,
23S01363,홈스타일로제스파게티소스/14일에이징출고(재),,
23S01364,홈스타일크림스파게티소스/14일에이징출고(재),,
23S01365,라쟈냐소스(재),,
23S01367,비스크소스E 2kg(재),,
23S01368,비프스파게티소스T(재),,
23S01369,파스타용비스크소스(재),,
23S01375,고메토마토소스100g(재),,
23S01376,화이트소스E 2kg(재),,
23S01379,시아스비프스파게티소스1kg(재),,
23S01380,비프스파게티소스1kg(재),,
23S01381,붐바타화이트소스(2kg)(재),,
23S01382,상큼한스파게티소스(400g)(재),,
23S01387,디디까르보나라소스(180g)(재),,
23S01388,피자용비프소스T(재),,
23S01389,토마토스파게티소스2kg(재),,
23S01390,화이트소스-M(2kg)(재),,
23S01391,갈릭크림소스(60g)(재),,
23S01392,미트볼토마토소스(재),,
23S01394,홈스타일봉골레파스타소스(재)/14일에이징출고,,
23S01397,에땅미트소스1kg(재),,
23S01398,피자꾼토마토스파게티소스(재),,
23S01407,상큼한스파게티소스(2kg)(재),,
23S01408,바른선 로제스파게티소스(재),,
23S01409,비프스파게티소스T1kg(트레이더스)(재),,
23S01430,비프스파게티소스-M(재),,
23S01431,로제스파게티소스-M(재),,
23S01432,크림스파게티소스-M(재),,
23S01433,로제소스-O(재),,
23S01438,오징어먹물크림스파게티소스(재),,
23S01440,로제스파게티소스H(재),,
23S01448,로제소스-G(재),,
23S01458,크림소스-E(재),,
23S05020,시아스토마토소스(재),,
23S05061,미스터피자치킨스파게티소스(재),,
23S09012,토마토소스-R(재),,
23S09016,하송토마토소스(재),,
23S09017,토마토소스-W 1kg(재),,
23S09018,스파이시토마토소스(2kg)(재),,
23S09019,매운돈가츠소스(재),,
23S0902,비앙코토마토소스2kg(재),,
23S09022,씨제이토마토소스(재),,
23S09024,핫토마토소스(재),,
23S13009,난타미트스파게티소스(재),,
23S13011,난타미트스파게티소스1kg(재),,
23S17010,오레또미트스파게티소스(재),,
23S19071,오레또미트스파게티소스1kg(재),,
23U01111,미스터피자블루베리디핑(재),,
23U01120,미스터피자레몬에이드(재),,
23U01121,감자샐러드용당시럽(재),,
23U01124,카라멜시럽(재),,
23U01125,스트로베리시럽(재),,
23U01126,메이플시럽(재),,
23U01130,비알딸기시럽-도포용(재),,
23U01132,미스터피자블루베리디핑40g(재),,
23U01139,미스터피자블루베리시럽엠피(재),,
23U01141,요리愛[애]요리당(재),,
23U01149,블루베리시럽-KFC(재),,
23U01153,메이플시럽-S(재),,
23U01158,딸기시럽-BR(재),,
23U01160,블루베리리플(재),,
23U01165,초코시럽-BK(재),,
23U01168,라즈베리토핑시럽(재),,
23U01170,스트로베리레진1kg(재),,
23U01177,스트로베리시럽(1kg)(재),,
23U01178,초코시럽-BK(1kg)(재),,
23U01179,망고시럽(재),,
23U01180,아사이베리시럽(재),,
23U01184,대추야자시럽660g(재),,
23U01185,호떡피자용시럽E(재),,
23U01187,초코시럽-TNT(1kg)(재),,
23U02003,유기아가베시럽665g/올가홀(재),,
23U02004,나타드코코시럽(재),,
23U02005,유기아가베시럽1kg(재),,
23U02006,유기농아가베시럽프리미엄라이트335g(재),,
23U02007,유기농아가베시럽프리미엄라이트665g(재),,
23U02008,프리미엄유기농아가베시럽335g/올박스(재),,
23U02011,프리미엄유기농아가베시럽665g/이마트(재),,
23U02012,프리미엄유기농아가베시럽1.22kg/롯데(재),,
23U02015,하송유기아가베시럽1kg(재),,
23U02019,organicstory유기농아가베시럽335g(재),,
23U02020,organicstory유기농아가베시럽665g(재),,
23V00004,고구마베이스(재),,
23V00005,단호박베이스-2(재),,
23V00010,감자샐러드바베이스(재),,
23V00011,고구마샐러드바베이스(재),,
23V00012,햄샐러드베이스(재),,
23V00013,고구마베이스M,,
23V00014,하이겔(재),,
23V00018,요구르트베이스(재),,
23V00019,고구마샐러드믹스베이스(재),,
23V00021,소스베이스(재),,
23V00025,펜네베이스(재),,
23V00027,소스베이스-B(재),,
23V00028,소스베이스-C(재),,
23V00034,샐러드소스(올바른샐러드콘용)/국산(재),,
23V00035,시아스고구마무스골드베이스(재),,
23V00042,샐러드믹스-3(재),,
23V00045,조미분C-2(재),,
23V00049,골드마요네즈(제조용)(재),,
23V00052,맥앤치즈샐러드베이스-G(재),,
23V00053,샐러드소스/올바른샐러드콘용(중국산)(재),,
23V00056,맥앤치즈샐러드베이스(재),,
23V00058,모노치즈 허니월넛시럽베이스(재),,
23V00059,콘치즈베이스(재),,
23V00060,I'me맥앤치즈샐러드베이스(재),,
23V00061,샐러드베이스S(재),,
23V00063,샐러드베이스E(재),,
23V09004,깍두기볶음밥용소스18kg(재),,
23V09005,에그샐러드베이스(재),,
23V09006,김치볶음밥용소스-CJ수출용(재),,
24106002,시아스'多'쇠고기-수상부,,
26A01001,고구마샐러드-P(재),,
26A01002,감자샐러드-P(재),,
26A01006,고구마샐러드바145g(재),,
26A01007,감자샐러드바145g(재),,
26A01014,미스터피자고구마샐러드엠피(재),,
26A01015,감자무스(재),,
26A01016,시아스고구마샐러드믹스(재),,
26A01017,고구마샐러드FM(재),,
26A01018,단호박샐러드FM(재),,
26A01019,감자샐러드FM(재),,
26A01020,감자파스타샐러드바(재),,
26A01021,닭가슴살&머스타드샐러드바(재),,
26A01025,오늘은감자샐러드100g(재),,
26A01034,올바른샐러드감자100g(재),,
26A01035,올바른샐러드고구마100g(재),,
26A01038,시아스감자샐러드S(재),,
26A01040,시아스단호박샐러드S(재),,
26A01042,고구마샐러드(착한돼지)(재),,
26A01052,풀잎채단호박연근샐러드1kg(재),,
26A01060,포테이토샐러드100g(재),,
26A01061,고구마샐러드100g(재),,
26A01062,시아스감자샐러드(재),,
26A01063,시아스고구마샐러드(재),,
26A01067,AAF고구마샐러드(재),,
26A01068,AAF매쉬드포테이토샐러드(재),,
26A01071,감자고구마샐러드E(재),,
26A01072,이디야감자샐러드(재),,
26A01073,에땅크리미고구마샐러드(재),,
26A01074,고구마토핑(재),,
26A01077,시아스고구마샐러드/GS(재),,
26A01087,Homeplus signature 매쉬드포테이토(재),,
26A01089,(20년)고구마샐러드100g(재),,
26A01091,(20년)포테이토샐러드100g(재),,
26A01094,(쿠팡)곰곰단호박샐러드(재),,
26A01100,현미유로 만든 감자샐러드(재),,
26A02005,단호박샐러드바145g(재),,
26A02009,미스터피자단호박샐러드(재),,
26A02010,시아스단호박샐러드(재),,
26A02011,복숭아요거트샐러드(재),,
26A02013,단호박무스(재),,
26A02014,59피자단호박샐러드(재),,
26A02016,시아스단호박샐러드(이랜드)(재),,
26A02018,올바른샐러드단호박100g(재),,
26A02022,단호박샐러드100g(재),,
26A02023,NEW단호박샐러드-1(재),,
26A02024,AAF단호박샐러드(재),,
26A02029,고구마샐러드90g(재),,
26A03003,살사후실리샐러드(재),,
26A03010,시아스콘샐러드1kg(재),,
26A03011,옥수수샐러드100g(재),,
26A03014,AAF콘샐러드(재),,
26A03016,sias살사후실리샐러드(롯데마트)(재),,
26A03017,I'm e콘샐러드(재),,
26A03020,콘치즈샐러드(재),,
26A04001,참치야채샐러드바(재),,
26A04002,미스터피자펜네샐러드(재),,
26A04005,마카로니샐러드엠피(재),,
26A04006,에그샐러드(재),,
26A04011,믹스참치스프레드(재),,
26A04012,믹스참치스프레드180g(재),,
26A04015,참치마요160g(재),,
26A04016,올바른샐러드참치100g(재),,
26A04025,참치샐러드100g(재),,
26A04027,맥앤치즈샐러드-G(재),,
26A04030,퀴노아카레샐러드MP(재),,
26A04033,피치맥앤치즈(1kg)(재),,
26A04034,맛살샐러드(재),,
26A04035,명란마요샐러드(재),,
26A04036,이디야참치샐러드(재),,
26A04037,맥앤치즈샐러드-D(재),,
26A04050,전통고로케필링3kg(재),,
26A04061,사라다빵용샐러드(재),,
26A05001,햄샐러드(재),,
26A06004,씨제이두부샐러드단호박-세트(재),,
26A06005,씨제이두부샐러드고구마-세트(재),,
26A06006,씨제이두부샐러드감자-세트(재),,
26B01004,마요네즈S-1(재),,
26B01006,시아스샐러드마요-2(자사용)(재),,
26B01011,시아스샐러드마요네즈18kg(재),,
26B01013,아이에스(IS)에멀전크림(시아스)-18kg(재),,
26B01014,샐러드마요-2(CJ전용)(재),,
26B03002,마요네즈-업소용10kg(재),,
26B03004,마요네즈-업소용18kg(재),,
26B03005,마요네즈-P(현미유)/국산난황(재),,
26B03006,마요네즈-업소용150kg(재),,
26B03010,마요네즈-업소용153kg(재),,
26B03011,네네마요네즈153kg(재),,
26B03013,60계마요네즈(재),,
26B03014,명란마요1kg(재),,
26B03015,마요네즈-업소용10kg(현진)(재),,
26B03115,마요네즈P(현미유)/중국산난황(재),,
26B03116,명란마요네즈(피코크)(재),,
26B04001,구터스마요네즈골드1kg(재),,
26B04002,마요네즈-제빵용/국산(재),,
26B04003,해표골드마요네즈(재),,
26B04006,마요네즈-제빵용18kg(재),,
26B04007,소후레쉬마요네즈골드(재),,
26B04008,소후레쉬마요네즈골드3.2kg(재),,
26B04014,제빵용마요네즈-D(재),,
26B04016,마요네즈골드(서브큐)(재),,
26B04017,마요네즈(제빵용)/중국산(재),,
26B06001,골드마요네즈(업소용)10kg(재),,
26B06003,골드마요네즈3.2kg(재),,
26B06008,이츠웰골드마요네즈3.2kg(재),,
26B06013,이마트 고소한 마요네즈515g(재),,
26B06014,이마트 고소한 마요네즈250g(재),,
26B06019,디프라이스마요네즈(재),,
26B06020,산뜻한마요네즈18kg(재),,
26B06021,시아스골드마요네즈515g(재),,
26B06022,피자스쿨마요네즈(재),,
26B06024,이츠웰골드마요네즈1kg(재),,
26B06028,디프라이스마요네즈-1 1kg(재),,
26B06029,골드마요네즈-수출(재),,
26B06031,디프라이스마요네즈튜브,,
26B06036,JFC마요네즈1kg(재),,
26B06041,골드마요네즈515g(재),,
26B06043,미스터피자마요네즈(재),,
26B06048,천년풍미퓨어마요네즈(재),,
26B06050,신선하고깨끗한마요네즈(재),,
26B06052,산뜻한마요네즈250g(재),,
26B06054,디프라이스카레마요네즈(재),,
26B06058,디프라이스마요네즈500g(재),,
26B06059,KFC마요드레싱전분부(재),,
26B06061,천년풍미퓨어마요네즈1kg(재),,
26B06062,유자마요네즈290g(재),,
26B06063,유자마요네즈500g(재),,
26B06064,산뜻한마요네즈1kg(재),,
26B06065,시아스골드마요네즈2kg(재),,
26B06076,화이트마요-M(재),,
26B06077,시아스골드마요네즈2kg-에스그린(재),,
26B06078,JFC마요네즈15g(재),,
26B06079,골드마요네즈-NS 10kg(재),,
26B06080,골드마요네즈(업소용)-T(재),,
26B06081,이마트마요네즈300g(재),,
26B06084,디딤돌골드마요네즈3.2kg(재),,
26B06085,와사비마요15g(재),,
26B06086,화이트마요-M(2kg)(재),,
26B06090,와사비마요-H 15g(재),,
26B06092,자연드림산뜻한마요네즈250g(재),,
26B06095,골드마요네즈3.2kg(캡파우치)(재),,
26B06097,먹태와사랑에빠진소스15g(재),,
26B06098,맛있는골드마요네즈1kg(재),,
26B06099,맛있는골드마요네즈3.2kg(재),,
26B06100,정성담은마요네즈(250g)(재),,
26B06101,정성담은마요네즈(1kg)(재),,
26B06102,정성담은마요네즈18kg(재),,
26B06103,식자재왕마요네즈1kg(재),,
26B06104,식자재왕마요네즈3.2kg(재),,
26B06108,와사비마요-H 15g(400개입)(재),,
26B06110,마요네즈300g(피코크)(재),,
26B06115,밀키마요네즈(재),,
26B06126,,,
26B06127,,,
26B07001,바른선마요네즈2kg(재),,
26B07004,바른선마요네즈3kg(재),,
26B07008,바른선유정란마요네즈3kg(재)(부스터사용),,
26B07010,바른선유정란마요네즈1kg(재)(부스터사용),,
2AA01010,포도푸딩20구(재),,
2AA01011,포도푸딩-W(1구)(재),,
2AA01013,사과향푸딩-E(1구)(재),,
2AA01014,딸기푸딩-E(1구)(재),,
2BA01004,삼계죽280g재),,
2BA01008,단팥죽(재),,
2BA01009,신세계찹쌀쇠고기죽(260g)(재),,
2BA01012,큼직한오곡삼계죽(재),,
2BA01013,꽉채움한끼매생이전복죽(재),,
2BA01014,꽉채움한끼잣죽(재),,
2BA01016,큼직한새알동지팥죽(재),,
2BA01017,큼직한통새우전복죽(재),,
2BA01018,큼직한쇠고기버섯죽(재),,
2BA01019,전복해삼죽(재),,
2BA01024,소고기듬뿍야채죽(단품)(재),,
2BA01025,전복듬뿍내장죽(단품)(재),,
2BA01045,슈퍼곡물귀리소고기죽(파우치)450g(재),,
2BA01079,새알심단호박죽(재),,
2BA01083,(21년)슈퍼곡물오곡삼계죽(파우치)450g(재),,
2BA02009,영양수프두부단호박허니240g(재),,
2BA02010,영양수프두부양송이어니언240g(재),,
2BA02012,영양수프두부단호박허니240g*2(재),,
2BA02013,영양수프두부양송이어니언240g*2(재),,
2BA02014,영양수프두부브로콜리치즈240g*2(재),,
2BA02020,양송이크림스프T(재),,
2BA02030,양송이포테이토크림생수프(재),,
2BA03003,햄야채볶음밥300g(재),,
2BA03004,새우볶음밥300g(재),,
2BA03005,낙지볶음밥300g(재),,
2BA03006,김치볶음밥300g(재),,
2BA03007,게살볶음밥300g(재),,
2BA03009,소불고기볶음밥300g(재),,
2BA03010,해물볶음밥300g(재),,
2BA03011,치킨데리야끼볶음밥300g(재),,
2BA03017,요리밥치킨리조또라이스250g(재),,
2BA03018,요리밥리조또라이스-로제토마토250g(재),,
2BA03023,갈릭라이스3kg(재),,
2BA03025,쿠마이쉬림프후라이드라이스2kg(재),,
2BA03026,쿠마이악토퍼스후라이드라이스2kg(재),,
2BA03034,소후레쉬야채볶음밥3kg(재),,
2BA03044,김치볶음밥3kg(재),,
2BA03046,부드러운새우볶음밥3kg(재),,
2BA03047,시아스야채볶음밥3kg(재),,
2BA03049,김치볶음밥-S(재),,
2BA03051,쉐프솔루션베이스볶음밥(시즌)500g(재),,
2BA03055,한그릇연근우엉밥(재),,
2BA03056,야채볶음밥베이스3kg(재),,
2BA03064,CJ해물볶음밥(재),,
2BA03065,CJ햄야채볶음밥(재),,
2BA03066,CJ새우볶음밥(재),,
2BA03067,후레시스김치볶음밥(재),,
2BA03069,CJ낙지볶음밥(재),,
2BA03074,CJ햄야채볶음밥3kg(재),,
2BA03088,1974새우볶음밥240g(재),,
2BA03089,1974양송이버섯볶음밥250g(재),,
2BA03093,비비고취나물밥200g(재),,
2BA03094,비비고곤드레밥200g(재),,
2BA03099,새우볶음밥-S 200g(재),,
2BA03100,치킨데리야끼볶음밥-S 200g(재),,
2BA03104,나물향가득한곤드레나물밥240g(재),,
2BA03111,베베쿡어린이볶음밥베이컨과퀴노아(재),,
2BA03112,베베쿡어린이볶음밥새우와렌틸콩(재),,
2BA03113,베베쿡어린이볶음밥닭가슴살과병아리콩(재),,
2BA03114,오늘은!새우볶음밥(재),,
2BA03115,오늘은!갈릭볶음밥(재),,
2BA03119,홍익돈까스 야채볶음밥(재),,
2BA03131,Single's_pride간편하게즐기는통새우볶음밥920g(재),,
2BA03135,프리가베이스밥1kg(재),,
2BA03137,매드포갈릭갈릭버터라이스300g(재),,
2BA03138,매드포갈릭갈릭버터라이스200g(재),,
2BA03147,요리밥부드러운새우볶음밥250g(재),,
2BA03148,요리밥열을뿜는낙지볶음밥250g(재),,
2BA03149,요리밥우엉이든햄야채볶음밥250g(재),,
2BA03150,요리밥케이준스파이스필라프250g(재),,
2BA03151,요리밥상하이필라프250g(재),,
2BA03157,비비고낙지비빔밥200g(재),,
2BA03158,비비고불고기비빔밥200g(재),,
2BA03159,비비고깍두기볶음밥200g(재),,
2BA03160,탄두리닭가슴살현미볶음밥1kg(재),,
2BA03161,콩콩푸드밥1kg(재),,
2BA03162,야채현미밥H1kg(재),,
2BA03163,취나물현미밥H1kg(재),,
2BA03164,퀴노아렌틸콩현미볶음밥1kg(재),,
2BA03166,오징어볶음밥E(재),,
2BA03169,식자재왕/새우볶음밥(재),,
2BA03171,식자재왕/햄야채볶음밥(재),,
2BA03174,통새우볶음밥(노브랜드)(재),,
2BA03175,매콤낙지볶음밥(노브랜드)(재),,
2BA03176,비비고시래기나물밥200g(재),,
2BA03180,곤드레나물밥-H(재),,
2BA03181,불고기맛볶음밥250g-QKC(재),,
2BA03182,김치볶음밥250g-QKC(재),,
2BA03184,잡채볶음밥250g-QKC(재),,
2BA03185,게살볶음밥250g-QKC(재),,
2BA03191,땡초상하이볶음밥(재),,
2BA03192,굴소스라이스(3kg)(재),,
2BA03194,장조림라이스E 1kg(재),,
2BA03195,"비비고낙지비빔밥(밥,소스)-컵(재)",,
2BA03196,"비비고불고기비빔밥(밥,참기름)-컵(재)",,
2BA03198,비비고불고기비빔밥200g(알밥)-컵(재),,
2BA03199,어수리나물밥(재),,
2BA03200,비비고새우볶음밥210g(알밥)(재),,
2BA03201,비비고닭가슴살볶음밥210g(알밥)(재),,
2BA03202,강원나물밥200g(알밥)(재),,
2BA03204,타코볶음밥1kg(재),,
2BA03205,마왕갈릭라이스(재),,
2BA03207,"AAF3가지나물밥(밥,소스)(재)",,
2BA03208,AAF게살새우볶음밥(재),,
2BA03209,AAF장조림볶음밥(재),,
2BA03211,AAF곤드레나물밥250g(알밥)(재)*,,
2BA03212,AAF3가지나물밥250g(알밥)(재)*,,
2BA03213,AAF불곱창볶음밥250g(알밥)(재)*,,
2BA03214,닭가슴살볶음밥(노브랜드)(재),,
2BA03216,AAF게살새우볶음밥(알밥)(재)*,,
2BA03217,AAF장조림볶음밥(알밥)(재)*,,
2BA03218,토니멕시칸라이스(재),,
2BA03219,찰현미새우볶음밥3kg(재),,
2BA03223,굴소스로맛을낸게살새우볶음밥(재),,
2BA03224,낙지쭈꾸미볶음밥(재),,
2BA03225,무명식당돈육장조림비빔밥(알밥)(재),,
2BA03226,무명식당뿌리채소영양밥(알밥)(재),,
2BA03227,무명식당3종나물영양밥(알밥)(재),,
2BA03228,탄두리닭가슴살현미볶음밥10kg(재),,
2BA03229,야채현미밥H10kg(재),,
2BA03230,취나물현미밥10kg(재),,
2BA03231,퀴노아렌틸콩현미볶음밥10kg(재),,
2BA03232,현미찰보리밥10kg(재),,
2BA03233,곤드레나물밥H10kg(재),,
2BA03234,콩콩푸드밥10kg(재),,
2BA03235,어수리나물밥10kg(재),,
2BA03236,찰현미새우볶음밥10kg(재),,
2BA03237,게살볶음밥1kg(재),,
2BA03238,커리용게살새우볶음밥(재),,
2BA03239,커리용닭가슴살볶음밥(재),,
2BA03240,철판야채볶음밥(재),,
2BA03241,철판새우볶음밥(재),,
2BA03243,철판게살볶음밥(재),,
2BA03244,철판상하이볶음(재),,
2BA03245,깍두기밥5kg(재),,
2BA03246,무명식당뿌리채소영양밥5kg(재),,
2BA03250,NEW새우볶음밥300g(재),,
2BA03257,옥수수볶음밥JB 1kg(재),,
2BA03258,병아리콩베이스밥3kg(재),,
2BA03259,찰보리버터향리조또E(재),,
2BA03260,요리하다해물철판볶음밥(재),,
2BA03266,하나로치킨카레볶음밥(재),,
2BA03267,하나로돈육짜장볶음밥(재),,
2BA03268,요리하다오삼불고기볶음밥(재),,
2BA03269,전복볶음밥(재),,
2BA03271,하나로햄야채볶음밥(재),,
2BA03272,하나로새우볶음밥(재),,
2BA03273,하나로치킨데리야끼볶음밥(재),,
2BA03274,하나로해물볶음밥(재),,
2BA03277,샤이바나베이스밥(재),,
2BA03278,AAF치즈불고기볶음밥(알밥)(재),,
2BA03279,탄두리닭가슴살현미볶음밥H 5kg(재),,
2BA03280,야채현미밥H5kg(재),,
2BA03281,취나물현미밥5kg(재),,
2BA03282,퀴노아렌틸콩현미볶음밥5kg(재),,
2BA03284,곤드레나물밥H5kg(재),,
2BA03285,콩콩푸드밥5kg(재),,
2BA03286,어수리나물밥5kg(재),,
2BA03287,찰현미새우볶음밥5kg(재),,
2BA03288,한그릇연근우엉밥3kg(재),,
2BA03289,갈릭라이스S 200g(재),,
2BA03291,AAF게살새우볶음밥(미니팩)(재),,
2BA03292,AAF치즈불고기볶음밥(미니팩)(재),,
2BA03293,AAF불곱창깍두기볶음밥(미니팩)(재),,
2BA03294,새우명란볶음밥(재),,
2BA03295,게살장볶음밥(재),,
2BA03297,비비고새우볶음밥(홈플)(재),,
2BA03299,날치알이톡톡터지는알밥(알밥)(재),,
2BA03300,쟌슨빌소시지볶음밥(알밥)(재),,
2BA03301,비비고불고기비빔밥/알밥(롯데)(재),,
2BA03303,셰프리볶음밥(재),,
2BA03304,마음심은장조림볶음밥(재),,
2BA03305,마음심은곱창깍두기볶음밥(재),,
2BA03306,마음심은갈릭버터새우볶음밥(재),,
2BA03307,마음심은불고기볶음밥(재),,
2BA03308,타이풍볶음밥E(재),,
2BA03309,짬뽕볶음밥E(재),,
2BA03310,쟌슨빌소시지볶음밥(미니팩)(재),,
2BA03315,위즈메택불고기맛볶음밥(재),,
2BA03316,위즈메택김치볶음밥(재),,
2BA03317,위즈메택새우볶음밥(재),,
2BA03318,문어베이스밥(재),,
2BA03319,하남돼지집김치볶음밥(재),,
2BA03321,치즈불닭볶음밥(재),,
2BA03322,게살새우볶음밥(재),,
2BA03323,해물철판볶음밥(재),,
2BA03325,비비고강된장보리비빔밥(감자보리밥)(알밥)(재),,
2BA03333,AAF치즈불고기볶음밥/스탠딩파우치(재),,
2BA03339,굿프랜즈치즈불고기볶음밥(재),,
2BA03340,오삼불고기볶음밥(시아스)(재),,
2BA03342,장조림버터밥(롯데)(재),,
2BA03348,불곱창깍두기볶음밥-M(재),,
2BA03349,담두낙지볶음밥(재),,
2BA03350,담두새우볶음밥(재),,
2BA03352,담두김치볶음밥(재),,
2BA03365,NEW비비고새우볶음밥210g(알밥)(재),,
2BA03367,보리리조또베이스E(재),,
2BA03368,치즈스테이크볶음밥(재),,
2BA03370,팔도야채볶음밥(알밥)(재),,
2BA03372,볶음밥베이스E(재),,
2BA03373,비비고햄야채볶음밥200g(알밥)(재),,
2BA03378,매콤낙지볶음밥(노브랜드)/7개입(재),,
2BA03379,닭가슴살볶음밥(노브랜드)/7개입(재),,
2BA03380,정다래햄야채볶음밥(재),,
2BA03381,AAF곤드레나물밥(알밥)-NEW(재),,
2BA03389,게살볶음밥E(재),,
2BA03394,오양햄야채볶음밥(재),,
2BA03396,오양낙지볶음밥(재),,
2BA03398,오양치킨데리야끼볶음밥(재),,
2BA03415,한가득낙지볶음밥(재),,
2BA03470,signature 소불고기볶음밥(재),,
2BA03477,signature 낙지볶음밥(알밥)(재),,
2BA03511,(쿠팡)곰곰대패삼겹볶음밥(재),,
2BA03577,중국집볶음밥(알밥)(재),,
2BA03580,중화볶음밥-FN(재),,
2BA03596,갈릭시즐링라이스 3kg(재),,
2BA04003,카모메냉동우동면8각/반개면(재),,
2C301013,고소쌈장(튜브)(재),,
2D001002,모노치즈허니월넛크림치즈(재),,
2D001003,모노치즈플레인크림치즈(재),,
